Date,BA,CAH,F,JPM,MAR
2012-01-02,60.53472137451172,30.79775047302246,7.805804252624512,26.24968147277832,28.31673240661621
2012-01-09,61.04202651977539,30.56800651550293,8.02578067779541,26.85733985900879,29.91366958618164
2012-01-16,61.794830322265625,31.598058700561523,8.392404556274414,27.934040069580078,31.082387924194336
2012-01-23,61.00111389160156,31.375768661499023,8.139098167419434,27.821884155273438,30.841503143310547
2012-01-30,62.46580505371094,31.160852432250977,8.559183120727539,28.621923446655273,32.23326110839844
2012-02-06,61.32842254638672,31.03486442565918,8.324959754943848,28.120960235595703,31.867469787597656
2012-02-13,62.01858139038086,30.768095016479492,8.532416343688965,28.76397132873535,31.162670135498047
2012-02-20,62.60297775268555,31.160852432250977,8.184427261352539,28.621923446655273,30.984243392944336
2012-02-27,61.64821243286133,30.41240119934082,8.512340545654297,30.379024505615234,31.987443923950195
2012-03-05,60.32307815551758,31.286827087402344,8.418649673461914,30.67809295654297,33.58904266357422
2012-03-12,61.8951416015625,30.81996726989746,8.371805191040039,33.32493591308594,34.12589645385742
2012-03-19,60.88275146484375,31.25718879699707,8.244656562805176,33.766090393066406,33.75010299682617
2012-03-26,61.211997985839844,31.946352005004883,8.351730346679688,34.37919616699219,33.866424560546875
2012-04-02,60.56998062133789,31.10778045654297,8.345036506652832,33.15296173095703,33.80379104614258
2012-04-09,60.0185432434082,30.18431282043457,7.97697114944458,32.519569396972656,33.38325500488281
2012-04-16,60.53707504272461,30.94394302368164,7.635674953460693,32.150794982910156,34.80592727661133
2012-04-23,63.598907470703125,31.509944915771484,7.762826919555664,32.617393493652344,35.369598388671875
2012-04-30,62.421905517578125,31.80038833618164,7.140461444854736,31.420766830444336,35.145912170410156
2012-05-07,60.5452880859375,31.643991470336914,7.1108808517456055,27.815847396850586,35.199607849121094
2012-05-14,57.24962615966797,30.504539489746094,6.727781772613525,25.204355239868164,32.95378112792969
2012-05-21,57.953346252441406,31.033308029174805,7.124322414398193,25.211877822875977,34.68878936767578
2012-05-28,55.668338775634766,30.18431282043457,6.8017120361328125,24.030305862426758,32.758636474609375
2012-06-04,57.90367126464844,31.204605102539062,7.164649963378906,25.347341537475586,33.93468475341797
2012-06-11,59.600887298583984,31.629104614257812,6.956298828125,26.363344192504883,34.096275329589844
2012-06-18,59.5760498046875,31.0407657623291,6.848762035369873,27.085845947265625,34.832427978515625
2012-06-25,61.51333236694336,31.279088973999023,6.445496559143066,26.89015769958496,35.191524505615234
2012-07-02,61.008304595947266,31.29090118408203,6.385007381439209,25.51291275024414,35.37107849121094
2012-07-09,60.859275817871094,31.845239639282227,6.2304229736328125,27.37238121032715,32.57011795043945
2012-07-16,61.173892974853516,32.28723907470703,6.190097332000732,25.72563934326172,33.08183670043945
2012-07-23,62.51510238647461,31.717893600463867,6.048953533172607,27.994657516479492,33.11773681640625
2012-07-30,60.27975082397461,29.395618438720703,6.109444618225098,27.38755989074707,33.71025848388672
2012-08-06,61.438819885253906,30.167213439941406,6.31838321685791,28.05536460876465,33.162628173828125
2012-08-13,61.19043731689453,29.740211486816406,6.507594585418701,28.06295394897461,34.15913391113281
2012-08-20,59.208717346191406,29.755203247070312,6.412990093231201,28.207134246826172,33.18955612182617
2012-08-27,59.466922760009766,29.627836227416992,6.311624050140381,28.184370040893555,33.94448471069336
2012-09-03,60.707916259765625,28.698930740356445,6.852235794067383,29.823532104492188,35.45792007446289
2012-09-10,59.36696243286133,28.743877410888672,7.115782737731934,31.546157836914062,37.47584533691406
2012-09-17,58.275901794433594,28.92367172241211,7.027932167053223,31.02254295349121,36.42184829711914
2012-09-24,57.96774673461914,29.193355560302734,6.663021564483643,30.718996047973633,35.223690032958984
2012-10-01,59.042144775390625,30.540002822875977,6.865750312805176,31.652400970458984,34.493995666503906
2012-10-08,59.84169006347656,30.818870544433594,6.838718414306641,31.81736183166504,34.376888275146484
2012-10-15,61.64068603515625,31.097759246826172,6.879265308380127,32.35250473022461,33.809349060058594
2012-10-22,59.22536849975586,30.47217559814453,7.000903129577637,31.465709686279297,33.169734954833984
2012-10-29,58.34253692626953,30.97715950012207,7.548273086547852,32.4289436340332,33.05262756347656
2012-11-05,61.00773239135742,30.14808464050293,7.421907901763916,31.052886962890625,32.016632080078125
2012-11-12,59.30450439453125,29.673254013061523,7.129920482635498,30.219614028930664,31.01667594909668
2012-11-19,61.79334259033203,30.14055061340332,7.537344932556152,31.412206649780273,31.746376037597656
2012-11-26,62.245849609375,30.487253189086914,7.77501106262207,31.404558181762695,32.812599182128906
2012-12-03,62.547515869140625,30.826412200927734,7.7953782081604,32.535972595214844,32.03499984741211
2012-12-10,62.0279655456543,31.896669387817383,7.537344932556152,32.72709274291992,32.64984893798828
2012-12-17,63.829647064208984,31.6780948638916,8.053414344787598,33.63681411743164,33.816246032714844
2012-12-24,62.58943176269531,30.690750122070312,8.739245414733887,33.05582046508789,32.984405517578125
2012-12-31,65.1033935546875,32.20885467529297,9.21457290649414,34.6765022277832,35.47088623046875
2013-01-07,62.9832878112793,32.67170333862305,9.50655746459961,35.515106201171875,35.15441131591797
2013-01-14,62.88274383544922,33.870521545410156,9.581254959106445,35.76142501831055,35.50705337524414
2013-01-21,62.874351501464844,34.06780242919922,9.289267539978027,36.300228118896484,35.76926803588867
2013-01-28,62.74029541015625,33.29387664794922,8.841103553771973,36.83133316040039,36.429317474365234
2013-02-04,64.15648651123047,34.28025436401367,8.960929870605469,37.43171691894531,37.044151306152344
2013-02-11,62.874351501464844,35.43353271484375,8.906204223632812,37.624141693115234,37.279239654541016
2013-02-18,64.65290832519531,34.568572998046875,8.536823272705078,37.64723587036133,35.70597839355469
2013-02-25,65.17581176757812,35.28938293457031,8.625749588012695,37.64723587036133,35.77830505371094
2013-03-04,68.50711822509766,35.114864349365234,8.878841400146484,38.640193939208984,36.55263900756836
2013-03-11,72.89265441894531,35.342498779296875,9.200340270996094,38.501625061035156,36.60707473754883
2013-03-18,71.53482055664062,31.93571662902832,9.070375442504883,37.54716491699219,36.153446197509766
2013-03-25,72.40352630615234,31.5791015625,8.995129585266113,36.5311393737793,38.31269073486328
2013-04-01,72.67338562011719,32.42023468017578,8.509462356567383,36.87751770019531,36.88832473754883
2013-04-08,74.96735382080078,33.046485900878906,9.255064964294434,37.960086822509766,38.63929748535156
2013-04-15,74.18303680419922,32.89373779296875,8.844642639160156,36.58140182495117,37.5052375793457
2013-04-22,78.30712127685547,33.58872604370117,9.350830078125,37.8593864440918,37.71390151977539
2013-04-29,79.05770111083984,35.429317474365234,9.46027946472168,36.84474563598633,39.02032470703125
2013-05-06,79.47940826416016,35.40640640258789,9.722725868225098,37.92136001586914,39.89128112792969
2013-05-13,83.8554458618164,36.49855041503906,10.391117095947266,40.508304595947266,39.67353439331055
2013-05-20,84.77095031738281,36.0250244140625,10.191292762756348,41.561683654785156,38.80259704589844
2013-05-27,83.9402084350586,35.86464309692383,10.804558753967285,42.282012939453125,38.262691497802734
2013-06-03,86.88175201416016,35.81882858276367,10.839014053344727,42.034149169921875,37.94392013549805
2013-06-10,86.3222885131836,36.529083251953125,10.590951919555664,41.15117645263672,37.1333122253418
2013-06-17,84.75402069091797,36.07085037231445,10.335991859436035,40.24497604370117,35.457435607910156
2013-06-24,86.8393783569336,36.04794692993164,10.659855842590332,40.88783645629883,36.76899337768555
2013-07-01,88.33134460449219,36.568572998046875,11.507408142089844,41.81727981567383,37.707115173339844
2013-07-08,86.35618591308594,38.12875747680664,11.789923667907715,42.88679885864258,38.00768280029297
2013-07-15,90.67101287841797,38.82815933227539,11.548750877380371,43.81522750854492,37.9074821472168
2013-07-22,89.51812744140625,39.24319839477539,11.727909088134766,43.72940444946289,37.57959747314453
2013-07-29,91.46786499023438,39.281620025634766,12.058660507202148,44.072689056396484,38.6361198425293
2013-08-05,89.28926086425781,39.635162353515625,11.796977043151855,42.53572463989258,37.28814697265625
2013-08-12,88.11174774169922,39.44301986694336,11.297930717468262,41.57609176635742,36.79630661010742
2013-08-19,89.82341766357422,39.381534576416016,11.401897430419922,40.81932067871094,37.4885139465332
2013-08-26,88.4949722290039,38.64370346069336,11.221685409545898,39.42276382446289,36.57736587524414
2013-09-02,90.32583618164062,38.728248596191406,11.783114433288574,41.006553649902344,37.15359878540039
2013-09-09,94.8050765991211,40.74959182739258,12.025710105895996,41.029972076416016,39.20244216918945
2013-09-16,99.31837463378906,41.07240676879883,12.053431510925293,41.19379425048828,39.485992431640625
2013-09-23,101.11518859863281,40.18084716796875,11.817769050598145,40.75689697265625,38.735958099365234
2013-09-30,99.80376434326172,41.62858200073242,11.845494270324707,41.09237289428711,38.96463394165039
2013-10-07,100.468017578125,42.262481689453125,11.859360694885254,41.26936340332031,38.690250396728516
2013-10-14,104.3341293334961,43.22880172729492,12.150469779968262,42.67618179321289,39.78783416748047
2013-10-21,111.71722412109375,42.478939056396484,12.198992729187012,41.47370147705078,40.6933479309082
2013-10-28,113.28408813476562,46.57609939575195,11.706869125366211,41.26936340332031,41.80924606323242
2013-11-04,113.67582702636719,48.16083526611328,11.745842933654785,42.408966064453125,42.18424987792969
2013-11-11,116.30369567871094,50.12437057495117,11.89920425415039,43.12416076660156,43.007450103759766
2013-11-18,116.20967864990234,50.26351547241211,11.857377052307129,45.159725189208984,42.915977478027344
2013-11-25,114.73966217041016,49.938846588134766,11.906176567077637,44.971107482910156,43.16363525390625
2013-12-02,115.53447723388672,49.420902252197266,11.64128303527832,44.05942916870117,42.43842697143555
2013-12-09,114.38069152832031,50.77372741699219,11.564606666564941,44.1458854675293,42.75054168701172
2013-12-16,116.80791473388672,51.454010009765625,10.749016761779785,45.348365783691406,44.200958251953125
2013-12-23,117.0045166015625,51.90237808227539,10.66536808013916,45.69416809082031,44.779293060302734
2013-12-30,117.61985778808594,51.6318244934082,10.811756134033203,46.10284423828125,44.65995407104492
2014-01-06,121.2778549194336,53.830562591552734,11.202122688293457,46.2699089050293,45.238277435302734
2014-01-13,120.04714965820312,52.5570182800293,11.515809059143066,45.96928787231445,46.468379974365234
2014-01-20,116.79083251953125,50.80201721191406,11.034820556640625,43.58025360107422,45.678924560546875
2014-01-27,107.05614471435547,52.821041107177734,10.428360939025879,43.7938346862793,45.25663375854492
2014-02-03,108.56037139892578,52.448299407958984,10.518973350524902,44.79059600830078,45.201568603515625
2014-02-10,111.2440414428711,54.568275451660156,10.708696365356445,46.00093460083008,47.294559478759766
2014-02-17,110.255615234375,55.717586517333984,10.652482032775879,45.573768615722656,48.203365325927734
2014-02-24,110.80567932128906,55.54674530029297,10.814096450805664,44.94881820678711,49.78230285644531
2014-03-03,110.47906494140625,56.144691467285156,10.975709915161133,46.989768981933594,50.45563507080078
2014-03-10,105.81205749511719,56.136924743652344,10.596267700195312,44.9329833984375,49.61762619018555
2014-03-17,105.35651397705078,54.54499435424805,10.870308876037598,47.598907470703125,50.879249572753906
2014-03-24,106.97235107421875,54.110111236572266,10.856257438659668,47.496070861816406,51.05420684814453
2014-03-31,109.4820556640625,53.82572555541992,11.334073066711426,47.314125061035156,51.38572692871094
2014-04-07,104.91818237304688,51.58721160888672,10.982736587524414,44.0221061706543,50.92527389526367
2014-04-14,109.94620513916016,53.139339447021484,11.24272346496582,43.95841979980469,51.80012130737305
2014-04-21,110.58221435546875,52.413970947265625,11.088135719299316,44.340518951416016,52.702598571777344
2014-04-28,111.682373046875,49.76206970214844,11.172453880310059,44.2450065612793,54.41545486450195
2014-05-05,112.67938995361328,50.23786163330078,11.167707443237305,42.99518585205078,53.568241119384766
2014-05-12,113.06098937988281,51.28301239013672,11.160625457763672,42.43794250488281,53.73399353027344
2014-05-19,114.44388580322266,53.45914077758789,11.344747543334961,43.40913009643555,54.5720100402832
2014-05-26,116.89855194091797,55.089256286621094,11.642176628112793,44.23704147338867,56.938690185546875
2014-06-02,119.49150085449219,55.198463439941406,12.095403671264648,45.35152053833008,58.07524490356445
2014-06-09,114.34016418457031,52.842960357666016,11.727155685424805,45.40726089477539,56.7169303894043
2014-06-16,114.17595672607422,53.91929244995117,11.805054664611816,45.81324005126953,58.73130416870117
2014-06-23,111.09898376464844,53.94270706176758,12.237032890319824,45.79730987548828,59.1193962097168
2014-06-30,111.07306671142578,55.19112777709961,12.265360832214355,45.41520690917969,60.57936477661133
2014-07-07,110.7100601196289,55.24599838256836,12.371583938598633,44.73065185546875,60.08038330078125
2014-07-14,110.32109832763672,55.700618743896484,12.548623085021973,46.67860412597656,59.969520568847656
2014-07-21,106.48355865478516,56.609886169433594,12.477806091308594,47.303871154785156,61.32783508300781
2014-07-28,104.04620361328125,56.727474212646484,11.904191970825195,45.27576446533203,59.951011657714844
2014-08-04,104.26226806640625,55.6065788269043,12.189200401306152,45.163536071777344,60.0064697265625
2014-08-11,107.09364318847656,55.99064636230469,12.346112251281738,45.49219512939453,62.251861572265625
2014-08-18,110.83271026611328,57.16642761230469,12.246260643005371,46.88703536987305,63.249813079833984
2014-08-25,110.25882720947266,57.77001190185547,12.417434692382812,47.656585693359375,64.3177490234375
2014-09-01,108.42406463623047,59.03984451293945,12.224861145019531,48.02533721923828,65.64302825927734
2014-09-08,110.38922882080078,59.0947265625,11.8325834274292,48.121524810791016,65.44841003417969
2014-09-15,112.47615814208984,59.64339828491211,11.875375747680664,48.9872932434082,66.9034423828125
2014-09-22,111.90225982666016,59.3220329284668,11.647141456604004,48.54639434814453,65.54109191894531
2014-09-29,109.87621307373047,59.698280334472656,10.406110763549805,48.33796691894531,63.112945556640625
2014-10-06,105.65020751953125,59.466121673583984,9.835521697998047,47.227134704589844,58.896156311035156
2014-10-13,107.16321563720703,57.97003936767578,9.999566078186035,45.35483169555664,60.24925231933594
2014-10-20,106.29367065429688,60.71024703979492,9.828389167785645,47.404685974121094,64.21580505371094
2014-10-27,108.61536407470703,61.796905517578125,10.049492835998535,48.80890655517578,70.20275115966797
2014-11-03,108.21537017822266,61.63154983520508,10.196562767028809,49.607852935791016,69.97106170654297
2014-11-10,112.70388793945312,63.26937484741211,10.89456558227539,48.64751052856445,72.25089263916016
2014-11-17,116.13239288330078,62.63943862915039,11.103245735168457,48.784690856933594,70.4159164428711
2014-11-24,117.51428985595703,64.71824645996094,11.319123268127441,48.550655364990234,73.2098617553711
2014-12-01,115.63386535644531,64.7497329711914,11.29753303527832,50.600502014160156,73.39568328857422
2014-12-08,105.62816619873047,62.442562103271484,10.786625862121582,48.45382308959961,71.32362365722656
2014-12-15,110.40361785888672,65.3875503540039,10.815411567687988,49.97909927368164,71.9461441040039
2014-12-22,115.12657928466797,64.44263458251953,11.117637634277344,50.47944641113281,73.11692810058594
2014-12-29,113.65721893310547,63.39536666870117,11.052872657775879,50.431026458740234,72.24352264404297
2015-01-05,115.04783630371094,66.29767608642578,10.944934844970703,48.19697189331055,73.15409851074219
2015-01-12,114.3831558227539,65.04829406738281,10.808213233947754,45.427303314208984,70.51526641845703
2015-01-19,117.74170684814453,66.00514221191406,10.729060173034668,46.03647232055664,72.9496841430664
2015-01-26,127.1438980102539,65.7837142944336,10.585139274597168,44.16836929321289,69.22367858886719
2015-02-02,129.4441375732422,67.58665466308594,11.529122352600098,47.01924514770508,68.9635009765625
2015-02-09,130.95724487304688,68.06901550292969,11.84897232055664,48.46499252319336,73.77665710449219
2015-02-16,139.31788635253906,68.84395599365234,11.921666145324707,48.57058334350586,77.1217041015625
2015-02-23,132.75286865234375,69.57937622070312,11.878050804138184,49.77267074584961,77.2146224975586
2015-03-02,134.75051879882812,68.80442810058594,11.580010414123535,49.455902099609375,75.93114471435547
2015-03-09,133.386474609375,69.68219757080078,11.776281356811523,49.54523849487305,76.4527359008789
2015-03-16,135.9649658203125,72.15725708007812,11.979820251464844,50.15441131591797,78.27836608886719
2015-03-23,130.9927978515625,71.23998260498047,11.616354942321777,48.36753463745117,75.27913665771484
2015-03-30,131.37118530273438,70.85250854492188,11.652702331542969,49.1553840637207,74.65507507324219
2015-04-06,135.85939025878906,71.85356140136719,11.652702331542969,50.4468879699707,74.81340789794922
2015-04-13,131.65281677246094,71.0835952758789,11.456430435180664,51.37895584106445,72.31715393066406
2015-04-20,130.59674072265625,72.53623962402344,11.463700294494629,51.18273162841797,76.22920989990234
2015-04-27,127.31427764892578,67.9084701538086,11.492778778076172,52.0085334777832,75.41883850097656
2015-05-04,128.00946044921875,68.7816162109375,11.498400688171387,53.545650482177734,74.7947998046875
2015-05-11,130.0874786376953,69.49603271484375,11.358983039855957,53.864532470703125,75.35367584228516
2015-05-18,128.25413513183594,70.25013732910156,11.204887390136719,54.34690475463867,74.65507507324219
2015-05-25,124.45459747314453,69.98817443847656,11.131510734558105,53.782752990722656,72.86832427978516
2015-06-01,124.6406021118164,69.88499450683594,10.845333099365234,55.1236457824707,73.23272705078125
2015-06-08,126.47393035888672,70.55177307128906,11.175537109375,55.802268981933594,71.59765625
2015-06-15,128.53759765625,71.33761596679688,11.087484359741211,55.66327667236328,72.54133605957031
2015-06-22,126.19049835205078,68.28946685791016,11.300278663635254,56.374595642089844,71.0277099609375
2015-06-29,124.18006896972656,67.0749740600586,10.911373138427734,55.20541000366211,69.8878402709961
2015-07-06,127.96186828613281,68.15950012207031,10.625199317932129,55.179443359375,70.98098754882812
2015-07-13,130.0520477294922,69.18016052246094,10.779292106628418,56.9570198059082,72.59736633300781
2015-07-20,127.58985900878906,66.41326904296875,10.559159278869629,56.71015548706055,69.15904235839844
2015-07-27,127.68731689453125,67.76081085205078,10.882022857666016,56.397422790527344,67.84164428710938
2015-08-03,126.13739776611328,67.840576171875,10.970978736877441,56.00239944458008,66.68309020996094
2015-08-10,129.32196044921875,67.1946792602539,10.95615005493164,55.870731353759766,67.13156127929688
2015-08-17,117.39608001708984,64.26829528808594,10.274170875549316,52.340232849121094,64.77704620361328
2015-08-24,118.75979614257812,66.49299621582031,10.185215950012207,52.77638626098633,67.10930633544922
2015-08-31,115.65799713134766,64.22846221923828,10.051787376403809,50.61201477050781,65.64672088623047
2015-09-07,120.0344009399414,67.78475189208984,10.162978172302246,51.484352111816406,68.44998931884766
2015-09-14,121.30010223388672,66.68436431884766,10.585508346557617,50.151153564453125,65.32797241210938
2015-09-21,116.77216339111328,63.39917755126953,10.029547691345215,50.58732223510742,64.22166442871094
2015-09-28,118.1537094116211,62.68952178955078,10.370538711547852,50.04417419433594,66.99678802490234
2015-10-05,124.51774597167969,63.04574966430664,11.09699535369873,51.3336296081543,71.69387817382812
2015-10-12,122.64598846435547,64.2157974243164,11.326791763305664,51.74809265136719,69.2187728881836
2015-10-19,130.75701904296875,64.22379302978516,11.615891456604004,52.94169616699219,70.59695434570312
2015-10-26,131.9781494140625,65.87469482421875,10.978387832641602,53.25667953491211,71.98450469970703
2015-11-02,131.8622589111328,70.92350006103516,10.872950553894043,56.746337890625,71.8907699584961
2015-11-09,127.8794937133789,68.51929473876953,10.423656463623047,54.342529296875,68.19685363769531
2015-11-16,133.9869384765625,70.1942138671875,10.932857513427734,55.98374938964844,67.79370880126953
2015-11-23,131.7896728515625,69.95378875732422,10.880439758300781,55.67704772949219,67.24357604980469
2015-11-30,133.17977905273438,70.87539672851562,10.633326530456543,56.27386474609375,66.82965850830078
2015-12-07,129.70004272460938,68.83985137939453,10.213984489440918,53.10747528076172,62.88798522949219
2015-12-14,125.18002319335938,69.40885162353516,10.333794593811035,53.381004333496094,61.25111389160156
2015-12-21,128.72251892089844,71.89317321777344,10.7156982421875,55.20458984375,64.6941909790039
2015-12-28,129.67315673828125,71.54056549072266,10.550955772399902,54.73210906982422,63.06674575805664
2016-01-04,116.57938385009766,67.49251556396484,9.390274047851562,48.83864974975586,58.93690872192383
2016-01-11,112.669189453125,65.38386535644531,8.963443756103516,47.59749221801758,56.02063751220703
2016-01-18,111.7544174194336,65.66558074951172,9.09074592590332,47.52238845825195,58.7581787109375
2016-01-25,107.73661041259766,65.4885025024414,8.940979957580566,49.65026092529297,57.648101806640625
2016-02-01,109.9159164428711,61.657527923583984,8.863229751586914,48.1899528503418,56.4533805847168
2016-02-08,97.42302703857422,63.460350036621094,8.94063949584961,47.97300338745117,60.01875686645508
2016-02-15,104.23506927490234,65.05387878417969,9.36638355255127,48.24836349487305,61.8155517578125
2016-02-22,106.95046997070312,66.82450103759766,9.652792930603027,48.01472473144531,64.1109390258789
2016-02-29,109.58439636230469,67.2108154296875,10.519765853881836,50.10920715332031,65.13556671142578
2016-03-07,112.80667877197266,67.50861358642578,10.287540435791016,49.51674270629883,65.05056762695312
2016-03-14,121.2515640258789,65.0780258178711,10.558470726013184,50.468021392822266,69.08259582519531
2016-03-21,119.58610534667969,65.5770263671875,10.109501838684082,49.63356399536133,64.81450653076172
2016-03-28,114.91564178466797,66.12430572509766,10.140466690063477,49.959007263183594,63.38866424560547
2016-04-04,115.74835205078125,67.11781311035156,9.714720726013184,48.181610107421875,62.85987854003906
2016-04-11,118.69003295898438,68.1286392211914,10.016611099243164,52.010154724121094,64.13462829589844
2016-04-18,118.61762237548828,70.27963256835938,10.535247802734375,53.77549743652344,62.831539154052734
2016-04-25,122.01187896728516,63.446563720703125,10.49654483795166,53.128204345703125,66.18368530273438
2016-05-02,120.61797332763672,62.144622802734375,10.518399238586426,51.78319549560547,65.3621826171875
2016-05-09,119.58610534667969,61.659420013427734,10.346222877502441,51.44694519042969,63.152584075927734
2016-05-16,116.24536895751953,62.59748458862305,10.32274341583252,53.388797760009766,61.35849380493164
2016-05-23,117.91526794433594,63.19586944580078,10.526224136352539,55.00282287597656,62.8948860168457
2016-05-30,116.2362289428711,64.52207946777344,10.205351829528809,54.33872985839844,64.52630615234375
2016-06-06,119.66728973388672,63.50315475463867,10.252309799194336,53.66621398925781,63.065635681152344
2016-06-13,118.4627914428711,61.06104278564453,10.37752914428711,52.35482406616211,63.046653747558594
2016-06-20,115.45147705078125,60.83463668823242,9.798392295837402,50.10190963745117,60.61848831176758
2016-06-27,118.34413146972656,63.30908966064453,9.954913139343262,51.49736785888672,64.29866790771484
2016-07-04,118.70915222167969,65.38836669921875,10.244482040405273,52.38115692138672,66.25257873535156
2016-07-11,120.80794525146484,66.99910736083984,10.620139122009277,54.372032165527344,66.58454132080078
2016-07-18,121.79346466064453,67.51158905029297,10.831448554992676,54.253421783447266,67.33386993408203
2016-07-25,121.96685028076172,68.00782012939453,9.90795612335205,54.19411849975586,68.00728607177734
2016-08-01,120.20567321777344,68.62606048583984,9.644732475280762,56.16804504394531,68.96528625488281
2016-08-08,121.4558334350586,68.00782012939453,9.755500793457031,55.337806701660156,68.23493194580078
2016-08-15,123.69524383544922,66.47846221923828,9.802971839904785,55.79529571533203,70.16038513183594
2016-08-22,121.66185760498047,64.55048370361328,9.795061111450195,56.100284576416016,69.05066680908203
2016-08-29,120.67737579345703,64.859619140625,9.89000415802002,57.17618942260742,67.3053970336914
2016-09-05,118.25758361816406,64.11119842529297,9.795061111450195,56.464576721191406,63.701114654541016
2016-09-12,116.5738525390625,62.63877487182617,9.58143424987793,55.76140213012695,65.15230560302734
2016-09-19,121.24784088134766,63.17567825317383,9.628908157348633,56.972862243652344,64.91519927978516
2016-09-26,121.21105194091797,63.208229064941406,9.549786567687988,56.413726806640625,64.13746643066406
2016-10-03,123.15241241455078,62.509334564208984,9.72385311126709,57.701446533203125,63.95647430419922
2016-10-10,122.83038330078125,61.58477783203125,9.423196792602539,57.61742401123047,64.25177001953125
2016-10-17,124.79014587402344,61.48659133911133,9.510229110717773,58.445152282714844,63.95647430419922
2016-10-24,131.58029174804688,55.22747802734375,9.272866249084473,58.97423553466797,64.24226379394531
2016-10-31,128.38763427734375,53.321102142333984,9.083992958068848,57.82223129272461,66.30935668945312
2016-11-07,136.6499481201172,58.393856048583984,9.83698558807373,65.44253540039062,69.91012573242188
2016-11-14,135.68740844726562,57.902957916259766,9.420435905456543,66.31295013427734,73.48230743408203
2016-11-21,139.10858154296875,58.181129455566406,9.644730567932129,67.26866912841797,74.79686737060547
2016-11-28,141.15756225585938,57.95204544067383,9.804944038391113,69.63245391845703,75.73918914794922
2016-12-05,145.08865356445312,59.76023483276367,10.5499267578125,72.9519271850586,79.89910888671875
2016-12-12,143.24363708496094,60.349327087402344,10.117355346679688,72.48258972167969,82.28987121582031
2016-12-19,146.31248474121094,59.62931823730469,9.981176376342773,74.28312683105469,80.4155044555664
2016-12-26,144.337646484375,58.88477325439453,9.716824531555176,73.63459777832031,79.06713104248047
2017-01-02,147.5084991455078,62.017677307128906,10.221492767333984,73.48953247070312,78.7037353515625
2017-01-09,147.2581787109375,61.746002197265625,10.117355346679688,74.3938217163086,79.02886962890625
2017-01-16,147.9071807861328,61.77070236206055,9.901069641113281,71.7939224243164,80.69283294677734
2017-01-23,155.48190307617188,59.663108825683594,10.166449546813965,74.59117889404297,82.31855773925781
2017-01-30,150.5680694580078,61.63896560668945,10.223431587219238,74.8056869506836,81.7160873413086
2017-02-06,154.1190185546875,63.72188186645508,10.182730674743652,74.65125274658203,82.67237854003906
2017-02-13,161.5043182373047,66.4469223022461,10.23970890045166,77.42279815673828,85.45521545410156
2017-02-20,165.9274139404297,67.62422943115234,10.150171279907227,77.50858306884766,83.27485656738281
2017-02-27,170.3599090576172,68.208740234375,10.296686172485352,79.62800598144531,83.28148651123047
2017-03-06,167.1056365966797,67.5418930053711,10.199009895324707,78.32373046875,83.11835479736328
2017-03-13,168.4148406982422,68.42281341552734,10.15831184387207,77.80889892578125,84.75922393798828
2017-03-20,164.41250610351562,66.87504577636719,9.458300590515137,74.90008544921875,89.72023010253906
2017-03-27,165.38502502441406,67.13848876953125,9.474580764770508,75.37202453613281,90.37273406982422
2017-04-03,167.24591064453125,68.17015075683594,9.140852928161621,73.94763946533203,87.52278900146484
2017-04-10,164.2255096435547,67.4085693359375,9.04317569732666,72.83639526367188,87.84906005859375
2017-04-17,168.67665100097656,60.01622772216797,9.230390548706055,72.93995666503906,88.73186492919922
2017-04-24,172.83790588378906,60.090736389160156,9.462030410766602,75.08016967773438,90.60303497314453
2017-05-01,173.00624084472656,59.99138641357422,9.189801216125488,75.08016967773438,93.12672424316406
2017-05-08,171.36044311523438,60.34735870361328,9.008315086364746,75.01113891601562,98.30842590332031
2017-05-15,170.32601928710938,60.84404373168945,8.967068672180176,73.16433715820312,98.66346740722656
2017-05-22,175.81947326660156,60.512916564941406,9.016565322875977,73.66487884521484,102.90507507324219
2017-05-29,179.24935913085938,62.7397346496582,9.363037109375,71.31753540039062,105.94699096679688
2017-06-05,179.06089782714844,62.251319885253906,9.181551933288574,75.045654296875,98.5925064086914
2017-06-12,185.10092163085938,62.077484130859375,9.255797386169434,74.37255096435547,100.59477996826172
2017-06-19,190.5566864013672,65.95989990234375,9.107308387756348,74.9593505859375,100.17121887207031
2017-06-26,186.33529663085938,64.50296783447266,9.231047630310059,78.87733459472656,96.56135559082031
2017-07-03,190.68862915039062,64.27416229248047,9.28879165649414,80.99166870117188,96.59986114501953
2017-07-10,196.4741973876953,65.04021453857422,9.635268211364746,80.04878234863281,97.21595001220703
2017-07-17,199.89468383789062,63.5247688293457,9.51152515411377,78.86865997314453,99.00642395019531
2017-07-24,227.3432159423828,64.6239013671875,9.3328857421875,79.20708465576172,99.47811126708984
2017-07-31,223.98870849609375,57.571136474609375,9.149068832397461,81.27230072021484,101.09532928466797
2017-08-07,221.32208251953125,55.77254867553711,8.998674392700195,79.32857513427734,95.68535614013672
2017-08-14,223.48573303222656,53.60758972167969,8.823213577270508,78.73849487304688,94.3665542602539
2017-08-21,223.59947204589844,55.02314758300781,9.040450096130371,79.73638916015625,96.89826965332031
2017-08-28,227.8081512451172,56.471988677978516,9.483281135559082,79.57152557373047,100.25484466552734
2017-09-04,226.33889770507812,56.92164993286133,9.491637229919434,76.725341796875,99.8974838256836
2017-09-11,236.02639770507812,56.20554733276367,9.70887565612793,79.50209045410156,101.79053497314453
2017-09-18,243.0882568359375,55.50609588623047,9.892692565917969,82.28754425048828,104.19550323486328
2017-09-25,240.96498107910156,55.72258758544922,10.001311302185059,82.87760162353516,106.49420928955078
2017-10-02,245.10723876953125,55.2376708984375,10.285391807556152,84.10112762451172,107.9429931640625
2017-10-09,247.15472412109375,54.466285705566406,10.068155288696289,83.66754150390625,111.1785659790039
2017-10-16,250.955810546875,55.933589935302734,10.109930038452148,86.85330963134766,111.09163665771484
2017-10-23,243.09771728515625,51.99283218383789,10.201631546020508,88.82585906982422,114.8101577758789
2017-10-30,248.11207580566406,51.4646110534668,10.455402374267578,88.51165771484375,117.39861297607422
2017-11-06,247.2589874267578,49.09176254272461,10.159334182739258,85.10769653320312,116.0078125
2017-11-13,249.9319305419922,48.21976852416992,10.159334182739258,85.65755462646484,121.19438171386719
2017-11-20,253.3817596435547,47.26392364501953,10.235468864440918,85.81466674804688,122.17955780029297
2017-11-27,258.6231994628906,49.385223388671875,10.641501426696777,91.46173858642578,122.8492431640625
2017-12-04,272.460693359375,49.37684631347656,10.666878700256348,92.45675659179688,125.2314682006836
2017-12-11,280.1226806640625,52.98222351074219,10.641501426696777,92.64002990722656,125.71566772460938
2017-12-18,281.22821044921875,52.39529800415039,10.641501426696777,93.78340911865234,129.73443603515625
2017-12-25,281.0471496582031,51.372371673583984,10.5653715133667,93.33828735351562,131.43881225585938
2018-01-01,294.32232666015625,53.4044303894043,11.16596508026123,94.56023406982422,130.15084838867188
2018-01-08,320.4057312011719,60.39041519165039,11.191341400146484,98.85176086425781,135.3607635498047
2018-01-15,321.8543395996094,60.74521255493164,10.150876998901367,99.15007781982422,139.51513671875
2018-01-22,327.086181640625,63.33012008666992,9.854809761047363,102.05411529541016,142.4880828857422
2018-01-29,332.5087585449219,56.98611068725586,9.059657096862793,100.26429748535156,136.70680236816406
2018-02-05,317.1846008300781,56.36101531982422,9.126749038696289,96.5443115234375,131.98110961914062
2018-02-12,340.02081298828125,58.57421875,9.196087837219238,100.61526489257812,134.1212158203125
2018-02-19,341.572265625,58.548885345458984,9.27409553527832,102.92272186279297,137.6751708984375
2018-02-26,330.0895080566406,58.2363166809082,9.014074325561523,99.42205047607422,135.48207092285156
2018-03-05,339.5228271484375,60.11164093017578,9.300097465515137,103.56318664550781,139.08309936523438
2018-03-12,316.4902038574219,59.934261322021484,9.6641263961792,101.28205108642578,136.9185791015625
2018-03-19,307.4207458496094,52.128868103027344,9.152752876281738,93.88593292236328,129.83290100097656
2018-03-26,314.00982666015625,52.948265075683594,9.60345458984375,96.48291778564453,131.98770141601562
2018-04-02,312.32421875,53.095394134521484,9.690130233764648,95.71082305908203,127.08596801757812
2018-04-09,315.3504943847656,51.41887664794922,9.776803016662598,97.26317596435547,127.21217346191406
2018-04-16,324.34332275390625,52.82307434082031,9.378103256225586,98.29488372802734,133.4436798095703
2018-04-23,326.4598388671875,56.01441192626953,10.092432975769043,96.46954345703125,133.38543701171875
2018-04-30,320.28265380859375,45.112789154052734,9.978245735168457,95.61420440673828,131.86154174804688
2018-05-07,327.9729919433594,47.0616340637207,9.828924179077148,100.40240478515625,135.71499633789062
2018-05-14,338.04998779296875,45.3851203918457,9.951895713806152,97.99505615234375,134.45314025878906
2018-05-21,346.57745361328125,44.62770462036133,10.110001564025879,97.58061981201172,134.3114013671875
2018-05-28,343.33392333984375,44.81493377685547,10.285675048828125,95.58772277832031,134.6715850830078
2018-06-04,355.63433837890625,45.40214157104492,10.628236770629883,97.97743225097656,134.71054077148438
2018-06-11,344.4504089355469,46.59357452392578,10.434996604919434,95.14683532714844,135.1486053466797
2018-06-18,326.1922302246094,45.93827819824219,10.232970237731934,93.2509536743164,129.09353637695312
2018-06-25,322.91986083984375,41.55550765991211,9.723518371582031,91.88414764404297,123.2428970336914
2018-07-02,322.0825500488281,42.905601501464844,9.714735984802246,91.76068878173828,124.2748031616211
2018-07-09,337.6264953613281,43.64447021484375,9.644464492797852,94.29851531982422,127.53595733642578
2018-07-16,341.5822448730469,41.92618179321289,9.275552749633789,98.66058349609375,129.52186584472656
2018-07-23,347.116455078125,42.3729362487793,8.844799041748047,102.87191772460938,125.14119720458984
2018-07-30,335.3646545410156,43.21489715576172,8.942777633666992,103.81172180175781,124.79074096679688
2018-08-06,326.6734924316406,41.5825309753418,8.675562858581543,102.60594940185547,116.97367858886719
2018-08-13,335.048583984375,44.58952331542969,8.506326675415039,101.75481414794922,120.56582641601562
2018-08-20,337.9309387207031,44.529388427734375,8.62212085723877,101.67501831054688,119.84545135498047
2018-08-27,331.5569152832031,44.83868408203125,8.443977355957031,101.58637237548828,123.52098846435547
2018-09-03,337.8341979980469,45.20811462402344,8.256926536560059,101.3558349609375,123.65771484375
2018-09-10,348.00946044921875,44.761348724365234,8.417256355285645,100.62883758544922,127.38864135742188
2018-09-17,360.0321960449219,47.20132064819336,8.773542404174805,104.48553466796875,127.84768676757812
2018-09-24,359.7129821777344,46.393733978271484,8.23911190032959,100.04368591308594,128.9513397216797
2018-10-01,373.8055725097656,46.62383270263672,8.123319625854492,101.62183380126953,118.61802673339844
2018-10-08,348.3092956542969,44.75159454345703,7.695775985717773,95.48563385009766,114.75037384033203
2018-10-15,344.58544921875,46.103763580322266,7.571075916290283,96.34272766113281,109.42745971679688
2018-10-22,347.4968566894531,43.2694091796875,7.99862003326416,92.33403015136719,110.10137176513672
2018-10-29,346.0267028808594,44.58690643310547,8.504995346069336,96.7623519897461,118.11016082763672
2018-11-05,357.2368469238281,47.94132995605469,8.504995346069336,99.36042785644531,114.31086730957031
2018-11-12,326.44158935546875,48.07135009765625,8.205779075622559,98.19976043701172,115.8833236694336
2018-11-19,303.4803771972656,45.83506774902344,8.278314590454102,95.2177963256836,114.52574157714844
2018-11-26,336.945556640625,47.52528762817383,8.532196044921875,99.27112579345703,112.74452209472656
2018-12-03,314.07183837890625,46.727840423583984,7.9972333908081055,92.21796417236328,109.03962707519531
2018-12-10,309.72833251953125,43.3907585144043,7.725218296051025,89.53955078125,105.52095031738281
2018-12-17,295.9302673339844,38.51948547363281,7.299063205718994,84.07556915283203,100.83592987060547
2018-12-24,307.4253845214844,38.640838623046875,7.081450939178467,86.45043182373047,105.10929107666016
2018-12-31,317.82257080078125,38.9355354309082,7.326262950897217,89.89666748046875,105.66796875
2019-01-07,342.91180419921875,41.69502258300781,7.9972333908081055,89.92467498779297,107.24598693847656
2019-01-14,354.406982421875,42.97416687011719,7.779621601104736,94.1369400024414,106.88333892822266
2019-01-21,353.8919982910156,43.237003326416016,8.033502578735352,93.0568618774414,107.66743469238281
2019-01-28,376.4644775390625,43.228248596191406,7.9065632820129395,93.49789428710938,112.29366302490234
2019-02-04,393.4497375488281,46.1457633972168,7.739877700805664,91.22975158691406,113.18557739257812
2019-02-11,408.18048095703125,48.607688903808594,7.878254413604736,95.0009994506836,118.6449203491211
2019-02-18,414.1180725097656,48.09953308105469,8.03508186340332,94.50596618652344,126.2801284790039
2019-02-25,430.29998779296875,46.47869110107422,8.108881950378418,93.99292755126953,121.97736358642578
2019-03-04,412.6434631347656,41.79139709472656,7.767553329467773,92.71485137939453,118.68523406982422
2019-03-11,370.1134338378906,44.04304885864258,7.776778221130371,95.90105438232422,120.2781982421875
2019-03-18,353.6874084472656,42.61495590209961,7.878254413604736,89.78966522216797,122.42181396484375
2019-03-25,372.4865417480469,42.18566131591797,8.09965705871582,91.11275482177734,123.001953125
2019-04-01,382.7503662109375,42.02485656738281,8.53323745727539,94.78498840332031,131.8222198486328
2019-04-08,370.74822998046875,41.4054069519043,8.717741012573242,100.8612289428711,132.40235900878906
2019-04-15,371.16815185546875,40.70632553100586,8.809991836547852,102.90185546875,132.1663818359375
2019-04-22,371.8713073730469,42.04255294799805,9.603351593017578,103.81787109375,134.1723175048828
2019-04-29,367.6427001953125,43.85662841796875,9.757415771484375,105.31432342529297,137.8007354736328
2019-05-06,346.36309814453125,43.22834396362305,9.729297637939453,102.04025268554688,129.51144409179688
2019-05-13,348.69671630859375,39.84795379638672,9.644939422607422,100.46216583251953,128.7248077392578
2019-05-20,348.578857421875,40.66207504272461,9.213775634765625,99.50081634521484,122.91345977783203
2019-05-27,335.52557373046875,37.22858810424805,8.923211097717285,96.09977722167969,123.21903228759766
2019-06-03,347.4002380371094,38.803741455078125,9.148163795471191,99.00199127197266,130.79931640625
2019-06-10,340.9767150878906,39.07806396484375,9.35437297821045,99.6005859375,131.9442596435547
2019-06-17,365.2171325683594,39.55592346191406,9.363744735717773,99.25594329833984,135.29025268554688
2019-06-24,357.526611328125,41.67973327636719,9.588699340820312,101.39632415771484,138.46841430664062
2019-07-01,349.521728515625,43.12472915649414,9.56058120727539,102.92906188964844,140.1660919189453
2019-07-08,358.8230895996094,42.552467346191406,9.832401275634766,105.3109359741211,140.69908142089844
2019-07-15,370.6387939453125,40.227691650390625,9.56058120727539,103.70343017578125,135.94166564941406
2019-07-22,338.8551940917969,40.343929290771484,8.970073699951172,106.15125274658203,138.44869995117188
2019-07-29,333.5120849609375,41.22913360595703,8.828078269958496,103.14628601074219,134.21437072753906
2019-08-05,331.5378723144531,39.65543746948242,8.989799499511719,100.232666015625,130.74009704589844
2019-08-12,326.58966064453125,38.618221282958984,8.523661613464355,98.38765716552734,127.1473617553711
2019-08-19,351.8510437011719,38.26057052612305,8.342915534973145,96.8349380493164,123.47566223144531
2019-08-26,359.8366394042969,38.5645751953125,8.72343635559082,100.3422622680664,124.88188934326172
2019-09-02,358.7593688964844,40.62110900878906,8.885156631469727,102.85400390625,128.2203826904297
2019-09-09,375.3235778808594,43.11578369140625,8.989799499511719,109.81385040283203,132.73779296875
2019-09-16,374.9579162597656,42.820716857910156,8.72343635559082,108.59906768798828,125.78339385986328
2019-09-23,378.3873596191406,42.534584045410156,8.637818336486816,107.52130889892578,119.6413345336914
2019-09-30,371.31103515625,41.1933708190918,8.314375877380371,104.68988037109375,119.73049926757812
2019-10-07,370.5401306152344,42.38193130493164,8.35242748260498,106.92794799804688,120.04750061035156
2019-10-14,339.9813537597656,46.55508804321289,8.837592124938965,110.99735260009766,119.9187240600586
2019-10-21,335.86004638671875,45.209197998046875,8.295351028442383,116.0334701538086,125.00077819824219
2019-10-28,341.1574401855469,45.56147766113281,8.595864295959473,117.6630859375,126.88302612304688
2019-11-04,346.8995666503906,48.55133819580078,8.740900993347168,120.03844451904297,131.95516967773438
2019-11-11,369.481689453125,50.800506591796875,8.653879165649414,119.25587463378906,134.2534942626953
2019-11-18,369.1437072753906,50.30370330810547,8.595864295959473,120.41593170166016,134.97666931152344
2019-11-25,364.01422119140625,49.70753860473633,8.760239601135254,121.30899047851562,139.54269409179688
2019-12-02,351.9957275390625,49.56301498413086,8.721563339233398,124.32882690429688,141.46142578125
2019-12-09,339.6492004394531,48.47004318237305,8.924613952636719,125.95841979980469,145.30889892578125
2019-12-16,326.0600280761719,46.78994369506836,9.166342735290527,126.35433197021484,149.92189025878906
2019-12-23,328.1874084472656,46.51895523071289,9.050312995910645,128.10360717773438,151.8406524658203
2019-12-30,330.7919006347656,44.58594512939453,8.905277252197266,127.36708068847656,148.4008026123047
2020-01-06,327.96868896484375,46.1705322265625,8.943952560424805,126.0813980102539,144.54339599609375
2020-01-13,322.2328186035156,49.17987060546875,8.856929779052734,128.05502319335938,149.38502502441406
2020-01-20,321.1393127441406,49.07955551147461,8.702224731445312,123.37572479248047,140.1988525390625
2020-01-27,316.3875732421875,46.69943618774414,8.528180122375488,122.64371490478516,139.2444305419922
2020-02-03,334.75830078125,53.1102409362793,7.975031852722168,127.10062408447266,143.2310791015625
2020-02-10,338.4761657714844,54.36868667602539,7.965199947357178,127.36935424804688,144.0562286376953
2020-02-17,330.3800048828125,54.45988082885742,7.758693695068359,125.84044647216797,142.40591430664062
2020-02-24,275.1099853515625,47.5292854309082,6.844171047210693,107.58660125732422,123.27794647216797
2020-03-02,262.3299865722656,46.754154205322266,6.381992340087891,100.14607238769531,110.45675659179688
2020-03-09,170.1999969482422,43.4256477355957,5.536304950714111,96.28218841552734,95.43439483642578
2020-03-16,95.01000213623047,39.513511657714844,4.25793981552124,77.37043762207031,74.44302368164062
2020-03-23,162.0,40.471031188964844,5.103627681732178,84.44032287597656,78.7051773071289
2020-03-30,124.5199966430664,42.504608154296875,4.169436931610107,77.88006591796875,58.971492767333984
2020-04-06,151.83999633789062,46.449378967285156,5.280632019042969,96.20603942871094,81.16065979003906
2020-04-13,154.0,47.18622589111328,5.034791946411133,89.1094741821289,84.1052474975586
2020-04-20,128.97999572753906,46.34806442260742,4.788952827453613,84.92456817626953,80.56175994873047
2020-04-27,133.3699951171875,43.67696762084961,4.838120937347412,87.30257415771484,84.59434509277344
2020-05-04,133.44000244140625,45.94279861450195,5.152795314788818,86.78765106201172,87.00989532470703
2020-05-11,120.0,45.08620071411133,4.818453788757324,80.4213638305664,79.61351013183594
2020-05-18,137.52999877929688,49.35995101928711,5.555972099304199,83.76365661621094,90.88277435302734
2020-05-25,145.85000610351562,50.37312316894531,5.614973545074463,91.1036376953125,88.33745574951172
2020-06-01,205.42999267578125,52.74947738647461,7.217846870422363,104.13583374023438,107.76171112060547
2020-06-08,189.50999450683594,48.715206146240234,6.352491855621338,93.5003662109375,92.0905532836914
2020-06-15,187.02000427246094,49.56258773803711,6.126319885253906,91.57173919677734,89.51528930664062
2020-06-22,170.00999450683594,46.55990982055664,5.811645030975342,86.68466186523438,80.79134368896484
2020-06-29,180.80999755859375,47.71124267578125,5.949315547943115,86.75020599365234,87.63874816894531
2020-07-06,178.44000244140625,45.89301300048828,5.998483180999756,91.00823211669922,88.34744262695312
2020-07-13,175.66000366210938,49.39820861816406,6.68683385848999,92.79492950439453,91.3119888305664
2020-07-20,173.75999450683594,52.53150177001953,6.765502452850342,92.90837097167969,87.33929443359375
2020-07-27,158.0,50.783546447753906,6.499995708465576,91.35800170898438,83.67603302001953
2020-08-03,170.02000427246094,48.8868408203125,6.745835781097412,93.94825744628906,93.60775756835938
2020-08-10,178.0800018310547,49.909584045410156,6.922839164733887,96.81265258789062,95.83366394042969
2020-08-17,167.5,46.34859085083008,6.549163341522217,92.00084686279297,95.09501647949219
2020-08-24,175.8000030517578,46.95293426513672,6.8245038986206055,97.1529541015625,106.0648422241211
2020-08-31,171.0500030517578,46.227725982666016,6.78516960144043,97.86197662353516,104.62747955322266
2020-09-07,160.22999572753906,44.98184585571289,6.883505344390869,95.54588317871094,99.07769775390625
2020-09-14,161.13999938964844,44.33100891113281,7.109677314758301,92.97455596923828,99.69654846191406
2020-09-21,156.02999877929688,44.09856414794922,6.401659965515137,88.36126708984375,92.81920623779297
2020-09-28,168.0800018310547,43.04793930053711,6.775335311889648,92.53968811035156,95.07505798339844
2020-10-05,167.3300018310547,45.124122619628906,7.129344940185547,95.66878509521484,99.15753936767578
2020-10-12,167.35000610351562,45.83814239501953,7.542355060577393,96.852294921875,97.58045196533203
2020-10-19,167.36000061035156,46.3548698425293,8.024200439453125,99.04676055908203,101.57310485839844
2020-10-26,144.38999938964844,43.019649505615234,7.6013569831848145,93.54151153564453,92.70941162109375
2020-11-02,157.74000549316406,49.45521545410156,7.660357475280762,98.23576354980469,103.69918823242188
2020-11-09,187.11000061035156,53.955413818359375,8.397876739501953,108.84554290771484,119.77960205078125
2020-11-16,199.6199951171875,48.72240447998047,8.594548225402832,109.31304931640625,119.06092071533203
2020-11-23,216.5,50.526241302490234,8.93872356414795,115.65792083740234,128.11427307128906
2020-11-30,232.7100067138672,53.54203414916992,9.184561729431152,116.72653198242188,135.36093139648438
2020-12-07,230.3300018310547,50.995994567871094,8.869889259338379,114.07408142089844,128.2739715576172
2020-12-14,219.75,51.634849548339844,8.801053047180176,113.6161117553711,128.58340454101562
2020-12-21,217.14999389648438,50.5450325012207,8.712550163269043,118.80648803710938,128.51353454589844
2020-12-28,214.05999755859375,50.319557189941406,8.643715858459473,121.239501953125,131.67770385742188
2021-01-04,209.89999389648438,53.009002685546875,8.850221633911133,129.77882385253906,129.45181274414062
2021-01-11,204.32000732421875,52.56339645385742,9.666407585144043,133.2312469482422,126.5671157836914
2021-01-18,205.83999633789062,52.515987396240234,11.328283309936523,128.57046508789062,122.67427825927734
2021-01-25,194.19000244140625,50.942115783691406,10.354759216308594,123.65021514892578,116.09637451171875
2021-02-01,207.92999267578125,51.44461441040039,11.318449974060059,132.5970001220703,129.2421875
2021-02-08,210.97999572753906,49.16914749145508,11.259448051452637,135.73941040039062,129.2421875
2021-02-15,217.47000122070312,49.30188751220703,11.387284278869629,142.24530029296875,136.02969360351562
2021-02-22,212.00999450683594,48.84678649902344,11.505288124084473,141.428466796875,147.7980499267578
2021-03-01,223.22000122070312,50.71457290649414,12.065801620483398,145.02256774902344,146.65016174316406
2021-03-08,269.19000244140625,54.374290466308594,13.147494316101074,150.05813598632812,149.92413330078125
2021-03-15,255.82000732421875,55.635276794433594,12.61648178100586,149.08753967285156,152.00030517578125
2021-03-22,244.8699951171875,58.65028381347656,12.09530258178711,149.03948974609375,146.55035400390625
2021-03-29,252.9600067138672,57.72113037109375,11.967464447021484,147.7133331298828,147.9976806640625
2021-04-05,252.36000061035156,57.38197326660156,12.301807403564453,150.18304443359375,148.20729064941406
2021-04-12,248.17999267578125,58.58599090576172,12.026466369628906,148.18698120117188,148.35702514648438
2021-04-19,238.3800048828125,58.68154525756836,12.016633987426758,145.18072509765625,148.08750915527344
2021-04-26,234.30999755859375,57.659088134765625,11.347949981689453,148.67996215820312,148.24722290039062
2021-05-03,235.47000122070312,55.57594299316406,11.623290061950684,155.86216735839844,146.4205780029297
2021-05-10,228.47000122070312,53.83681106567383,11.64295768737793,158.53976440429688,143.02682495117188
2021-05-17,234.82000732421875,54.79237747192383,13.108160972595215,157.2348175048828,138.7546844482422
2021-05-24,247.02000427246094,53.57880401611328,14.288189888000488,158.7621307373047,143.31629943847656
2021-05-31,249.9199981689453,54.047035217285156,15.70422649383545,160.88873291015625,141.79908752441406
2021-06-07,247.27999877929688,56.67485427856445,15.025707244873047,154.94386291503906,143.2164764404297
2021-06-14,237.35000610351562,53.559688568115234,14.278356552124023,142.9864044189453,138.57501220703125
2021-06-21,248.3800048828125,54.73503875732422,14.937206268310547,148.91197204589844,139.8826141357422
2021-06-28,236.67999267578125,55.308387756347656,14.681533813476562,150.82594299316406,141.00054931640625
2021-07-05,239.58999633789062,55.11090850830078,14.239022254943848,151.4423065185547,142.2183074951172
2021-07-12,217.74000549316406,54.7639274597168,13.383501052856445,147.68955993652344,134.8019561767578
2021-07-19,221.52000427246094,57.05780792236328,13.590005874633789,146.454833984375,138.9243621826172
2021-07-26,226.47999572753906,57.23129653930664,13.717842102050781,147.56314086914062,145.71188354492188
2021-08-02,231.3300018310547,49.144893646240234,13.57033920288086,153.12423706054688,141.32994079589844
2021-08-09,234.4600067138672,49.829200744628906,13.363834381103516,155.53533935546875,134.13319396972656
2021-08-16,212.6699981689453,49.530418395996094,12.360808372497559,150.42147827148438,130.90911865234375
2021-08-23,221.75,49.86775588989258,13.088494300842285,158.5200653076172,135.7701873779297
2021-08-30,218.1699981689453,51.69900131225586,12.675483703613281,155.0589599609375,132.75572204589844
2021-09-06,210.3000030517578,50.90867233276367,12.468978881835938,152.98812866210938,135.390869140625
2021-09-13,213.36000061035156,50.667720794677734,13.32450008392334,153.29922485351562,143.6356964111328
2021-09-20,221.38999938964844,49.33765411376953,13.550670623779297,158.51031494140625,152.22988891601562
2021-09-27,226.0,48.20035171508789,13.924346923828125,162.48670959472656,155.68353271484375
2021-10-04,226.38999938964844,47.39850616455078,14.86837100982666,165.4908447265625,156.80148315429688
2021-10-11,217.0399932861328,47.23308181762695,15.438718795776367,162.95721435546875,159.7460479736328
2021-10-18,212.97000122070312,48.2353515625,16.00906753540039,168.0138702392578,154.4657745361328
2021-10-25,207.02999877929688,46.52273941040039,16.795753479003906,166.16531372070312,159.72610473632812
2021-11-01,224.4600067138672,48.20615768432617,18.968975067138672,164.36566162109375,167.30215454101562
2021-11-08,220.9600067138672,50.05500411987305,19.175479888916016,163.20172119140625,156.19259643554688
2021-11-15,214.1300048828125,47.135772705078125,19.067310333251953,157.3919677734375,154.63546752929688
2021-11-22,199.2100067138672,46.31839370727539,19.51910972595215,158.37982177734375,147.16920471191406
2021-11-29,198.49000549316406,45.75400924682617,18.916240692138672,154.8196258544922,149.70452880859375
2021-12-06,205.05999755859375,47.18443298339844,21.199235916137695,156.31610107421875,160.5146484375
2021-12-13,192.6300048828125,48.31319808959961,19.538875579833984,153.3231658935547,149.91415405273438
2021-12-20,204.22000122070312,49.38357925415039,20.013263702392578,153.8122100830078,164.88661193847656
2021-12-27,201.32000732421875,50.10365676879883,20.527185440063477,154.87832641601562,164.9365234375
2022-01-03,215.5,53.28106689453125,24.154279708862305,163.4951629638672,166.35391235351562
2022-01-10,225.9600067138672,52.151397705078125,24.8955135345459,155.35406494140625,162.50099182128906
2022-01-17,205.44000244140625,49.66613006591797,20.408586502075195,142.7498016357422,156.70167541503906
2022-01-24,190.57000732421875,51.69953155517578,19.311565399169922,144.25523376464844,159.0872802734375
2022-01-31,206.4499969482422,51.041378021240234,17.84129524230957,150.1096649169922,162.44110107421875
2022-02-07,212.3000030517578,51.62094497680664,17.434003829956055,151.4478302001953,169.5679931640625
2022-02-14,209.02999877929688,53.222129821777344,17.920766830444336,149.69642639160156,174.59872436523438
2022-02-21,201.47999572753906,53.24177551269531,17.712154388427734,145.59339904785156,174.04974365234375
2022-02-28,180.83999633789062,53.04531478881836,16.738632202148438,132.2413330078125,158.98745727539062
2022-03-07,176.22999572753906,51.640594482421875,15.93398666381836,126.8198471069336,161.34312438964844
2022-03-14,192.8300018310547,56.27714538574219,16.748565673828125,137.8498077392578,170.87557983398438
2022-03-21,188.9499969482422,56.935298919677734,16.361143112182617,139.64056396484375,171.20498657226562
2022-03-28,190.75999450683594,56.581661224365234,16.539953231811523,133.13671875,173.3610076904297
2022-04-04,175.1999969482422,61.328155517578125,14.950529098510742,131.34596252441406,163.55905151367188
2022-04-11,181.94000244140625,62.378360748291016,15.377686500549316,125.01417541503906,180.178466796875
2022-04-18,176.9199981689453,61.00120162963867,15.029999732971191,125.6981201171875,179.16033935546875
2022-04-25,148.83999633789062,57.51371765136719,14.066411018371582,118.31344604492188,177.19395446777344
2022-05-02,148.89999389648438,57.731689453125,14.210000038146973,122.63521575927734,172.20314025878906
2022-05-09,127.19999694824219,55.09626007080078,13.5,118.04580688476562,166.09437561035156
2022-05-16,120.69999694824219,55.28450393676758,12.5,116.31114959716797,155.22999572753906
2022-05-23,132.22999572753906,57.166954040527344,13.630000114440918,130.1190185546875,172.55999755859375
2022-05-30,139.25,53.32279586791992,13.5,129.0187530517578,174.64999389648438
2022-06-06,127.0,52.966121673583984,12.75,118.50177764892578,159.8699951171875
2022-06-13,136.8000030517578,50.23162078857422,11.229999542236328,112.0389404296875,145.22999572753906
2022-06-20,141.52999877929688,53.94697952270508,12.010000228881836,116.29132843017578,139.38999938964844
2022-06-27,139.83999633789062,52.60944747924805,11.319999694824219,113.05000305175781,139.17999267578125
2022-07-04,139.07000732421875,52.91999816894531,11.619999885559082,113.35728454589844,137.8000030517578
2022-07-11,147.74000549316406,55.209999084472656,11.880000114440918,112.94999694824219,143.35000610351562
2022-07-18,158.16000366210938,56.9900016784668,12.819999694824219,114.76000213623047,150.91000366210938
2022-07-25,159.30999755859375,59.560001373291016,14.6899995803833,115.36000061035156,158.82000732421875
