,0,1,2,3,4
0,0.866707088672722,0.673290886888395,0.512400018809795,0.308664241889957,0.575382724776044
1,0.27026438564477,0.471852596926117,0.799547465819089,0.598491115915668,0.690434785866323
2,0.845008543294576,0.866302751212091,0.707311695645703,0.980681818181822,0.364254648019394
3,0.465431979946172,0.471852596926117,0.736185008305683,0.826037512670307,0.773811952794295
4,0.383549874907009,0.688909305388834,0.244549120390348,0.64615825787236,0.46377078322568
5,0.734419190530087,0.471852596926117,0.639000487271535,0.853827637786302,0.878409783019874
6,0.0812095411977518,0.0121905182822268,0.0726557716961663,0.29721639218419,0.185252289531818
7,0.816347606784899,0.317972255215315,0.50686870284358,0.564364044648209,0.744075313448914
8,0.627828858518225,0.693954132091392,0.892078301469031,0.631195774636301,0.334687128863824
9,0.598335217607311,0.312241952248767,0.549821130124581,0.982962865777212,0.557009037128262
10,0.809674056500794,0.876036025780194,0.162684819534903,0.772197237861844,0.475622308341485
11,0.549091921708441,0.133430973289266,0.676443754715752,0.810343764890264,0.472634754111272
12,0.609452877132167,0.407290000184881,0.444421624059005,0.61451108391915,0.671579753401973
13,0.686669386062459,0.253826496668235,0.413997537995595,0.827515603577297,0.778053680475492
14,0.938671772182109,0.497316648902892,0.53653237439715,0.839202391625844,0.862768296204649
15,0.0754931556117117,0.933990981565498,0.753941227386263,0.910125358891477,0.19201395079438
16,0.953409090909095,0.4855855469301,0.229623354344892,0.107592125192991,0.548306006438548
17,0.423126835700983,0.191862749000258,0.457141959589012,0.495560981764377,0.8460690458256
18,0.175940779845315,0.383394380267065,0.630640692669516,0.663892109900165,0.508195063963294
19,0.707730245766571,0.151214234057889,0.62276988978882,0.449527466332931,0.574807336457929
20,0.507305693144753,0.793460999394602,0.0306818191313723,0.268211444162319,0.650115798023748
21,0.31118338952577,0.507404169519176,0.341476224001414,0.0695137052856084,0.426009561504999
22,0.176520740607121,0.110721083041202,0.764718104013016,0.102969633054966,0.121430633276916
23,0.172341260002202,0.503383378211707,0.665239042657867,0.359803285224655,0.748965030262437
24,0.831977658099626,0.897816007826044,0.457101285786376,0.782690207790359,0.635588035927724
25,0.626828383415362,0.723416352117873,0.61368459030417,0.884133431087157,0.401657420653978
26,0.346826890769713,0.394365701179038,0.338678260304341,0.683195720222802,0.645819127603219
27,0.332509627687999,0.613053161479352,0.415204912808378,0.284242481540884,0.320984710600458
28,0.473912758207354,0.268970656295165,0.212405803558279,0.11546331401429,0.176848581723351
29,0.327372757810724,0.180897039408507,0.255291291065503,0.338543875576959,0.521406620941112
30,0.390323934511743,0.397246833234708,0.181716637328438,0.277031672493478,0.28177379986548
31,0.559179694549898,0.180625086094769,0.179725532513901,0.186872080247207,0.0193181818181819
32,0.0192197075783739,0.0407380979979004,0.0125,0.0056841273021483,0.0824909604525477
33,0.931175890560917,0.80353410895992,0.444421624059005,0.182047129758825,0.674047628181852
34,0.985274179652311,0.520806552608381,0.364944395886386,0.933862560480732,0.296383194927242
35,0.773544921353689,0.869085065762336,0.714240988639124,0.0587747219862948,0.729241820582211
36,0.806506031204764,0.464366521837764,0.401928098742988,0.149628304147968,0.654204937343304
37,0.644504805221556,0.785619151070949,0.160152062688033,0.482199268060944,0.933649087105905
38,0.402124931704096,0.471852596926117,0.786632590383111,0.846492120054412,0.704116538221201
39,0.967568182812287,0.604475399520722,0.489996859275891,0.324852713421848,0.708227580904003
40,0.816539540291081,0.207207655941453,0.210447456871127,0.730124625451207,0.457812288067127
41,0.379701231623948,0.136277637180558,0.194875477175086,0.077941384075052,0.125564446923296
42,0.607276753268548,0.880799775835632,0.566033860699858,0.927945137919981,0.512753817758309
43,0.678038607265376,0.764771568807072,0.626688218798235,0.721917837065087,0.798948197724913
44,0.769118476806135,0.310042057297298,0.49285841710465,0.411765285394714,0.424283397444873
45,0.272037513855014,0.570380320006408,0.362850191325695,0.123666682836567,0.377080474095017
46,0.22958149114653,0.0079545454545454,0.0686353195487041,0.48932563544054,0.34768327904225
47,0.962010207043495,0.512696939245495,0.595560298711608,0.594072481177934,0.411144063451014
48,0.0276576541509321,0.0374655932102088,0.734374896518357,0.135185186233961,0.338180099589952
49,0.391467504791397,0.890196638982635,0.973863471189248,0.95239169867014,0.951983036587455
50,0.548770977549818,0.989772727272731,0.685446088089488,0.994318181818186,0.79590519683199
51,0.834144498763297,0.340186049436054,0.295842769595177,0.679250678579143,0.544683902196509
52,0.139620714278966,0.105658578672146,0.545368620728664,0.832366522334958,0.444384520501211
53,0.51851044203343,0.61618211638274,0.160458413910481,0.334080751365927,0.231184018808937
54,0.681926301116035,0.442008996451048,0.171598235824266,0.225422349045741,0.677815664157338
55,0.971591670226189,0.567246007204605,0.555243065222576,0.580179138731946,0.682194236121492
56,0.164881005512264,0.192645378167005,0.295843224674709,0.11064833846899,0.193370814760705
57,0.120058852209218,0.480498465817646,0.382559145884537,0.585195167703639,0.517647509275503
58,0.305821180403803,0.554930290494481,0.602127597443245,0.511004382390453,0.481548141952975
59,0.566860515647994,0.457239032828222,0.149898870932405,0.165576084389822,0.299560290069588
60,0.943208889684791,0.143260610652495,0.0471350812879397,0.282793068202256,0.489521088264042
61,0.134366905929209,0.982954545487928,0.4673418765121,0.0325039423979271,0.511095480256797
62,0.475605810218328,0.798840388365012,0.444421624059005,0.314410648079336,0.487812565038425
63,0.454776627970259,0.165017069422021,0.467202743905603,0.578488040048574,0.350538045647783
64,0.021590909168153,0.755951869571025,0.34795454715606,0.205132440410334,0.336538260749028
65,0.471246239342403,0.498176280348388,0.444421624059005,0.445654255507462,0.418298365749034
66,0.405322464214795,0.503660792539598,0.577966162591392,0.323744030818621,0.227472747614469
67,0.348163928075964,0.522968483729303,0.394593437245633,0.185837883614631,0.818285904219076
68,0.65806077986112,0.743764162434176,0.919414232688123,0.482199268060944,0.404412231326355
69,0.4918001637709,0.421041612219964,0.225559630714305,0.256893328352873,0.704658072041693
70,0.148001770069975,0.215039977399862,0.59003509265159,0.175767663524014,0.170374393905133
71,0.843611879483185,0.22915802937158,0.0079545454545454,0.244230219312096,0.223548334876931
72,0.535395432856152,0.58193541820227,0.0816778895731245,0.240907815078099,0.652612443203582
73,0.227535854606239,0.218458861284662,0.141976823151838,0.092222554235512,0.265567424794705
74,0.580111326268794,0.847051716655807,0.9568707690415,0.0261329007012216,0.819570237560347
75,0.746476186885977,0.165017069422021,0.861993529345894,0.192539030348638,0.56566522372616
76,0.757734041766162,0.326978607040501,0.0337064375358804,0.813883297469511,0.46309508767337
77,0.0959255634428322,0.304550250662047,0.278421394376139,0.370238357571748,0.0580158670723115
78,0.315414575972872,0.731401302364,0.68263843055161,0.978409090909095,0.39408689598875
79,0.817511430992573,0.0657202580082913,0.354585749715171,0.778594074145761,0.341651129410942
80,0.772342144340643,0.611002069344171,0.898394294750564,0.447471089255783,0.613617567859147
81,0.722217753979313,0.574713661232777,0.129746219955909,0.0953000584761773,0.872140132345348
82,0.091424629390424,0.30945794045498,0.0860954305731204,0.0650948919271039,0.0968185742002127
83,0.248845819393299,0.235668936899169,0.836340793634857,0.746127645605987,0.837565702117226
84,0.950901255468823,0.671318360887767,0.839707914499605,0.951747170574182,0.939497035993544
85,0.709036620190926,0.362520037618579,0.385610512215454,0.703037850662693,0.720214103741976
86,0.801533627282312,0.222631079200138,0.93984627388888,0.906740698261915,0.769909206512225
87,0.582166430182401,0.428995745759524,0.238857732552908,0.892634468157008,0.0820459142807496
88,0.390833313187496,0.5595533641506,0.530247579598944,0.865461925561066,0.380096348031731
89,0.251805405767942,0.413112730944787,0.110616571275935,0.119844692320984,0.143722803788048
90,0.312314011613179,0.518882568203944,0.915497177875532,0.499020545005267,0.890891085287118
91,0.425317074152131,0.298978664745792,0.73714875289065,0.84883913400963,0.433750204677005
92,0.913979210788641,0.513815774475972,0.323218243522283,0.744144090069891,0.240550995885258
93,0.128778894320485,0.205941332366003,0.64480845157838,0.0519776082391841,0.154150960121653
94,0.353253587722114,0.117626114082402,0.669318133098599,0.323825101257631,0.624435348805045
95,0.871619751333898,0.865301279552612,0.980681822136387,0.906948979161656,0.849348278349116
96,0.284473961446273,0.191119586763066,0.348746543199933,0.0878113625096999,0.322702850142527
97,0.210798915396522,0.0306812196594922,0.0028081140459084,0.0956204449360417,0.0170454545454611
98,0.249850486073979,0.0848810515065097,0.202749508466524,0.403057151558873,0.124314906353985
99,0.759521137528457,0.291964426591302,0.41432881724365,0.914690301213471,0.648684490901531
100,0.308937656284932,0.542793548996103,0.880270234641882,0.570513738752569,0.305005281011912
101,0.151705168054165,0.96036594282785,0.0556534579690433,0.0238670992988048,0.393591121715912
102,0.697631823458325,0.129135724471284,0.107166305319417,0.0011363636363636,0.576289911730807
103,0.832743540728305,0.78974906207933,0.708931113883304,0.926600390750503,0.885283520690029
104,0.691385428242308,0.823802007022692,0.864548828388541,0.960371631193643,0.819586243321349
105,0.643148934437549,0.946183539825596,0.944326716757193,0.679942857754908,0.956381507371124
106,0.654192526977311,0.255649079166237,0.798811808728285,0.61452396678672,0.247588728700406
107,0.666376812683842,0.590025201124419,0.9623959045426,0.775304851479955,0.779462936059638
108,0.113159094146825,0.370030381900246,0.208127226315243,0.502051047404918,0.134391319797745
109,0.348283658617395,0.654249665569482,0.531584879879091,0.575819085287613,0.517035697514891
110,0.337112538449686,0.0329545454545456,0.282716141570036,0.174708617388073,0.138445924720925
111,0.864768153127828,0.771790834567523,0.365756942227961,0.669263395298654,0.824416808864247
112,0.120455434240993,0.929799858840215,0.99886363636364,0.697028371768508,0.902165752930701
113,0.0532070519614462,0.141787232923701,0.0443336545346696,0.437091542748652,0.444248198708991
114,0.205419366831392,0.152117471420988,0.653072458978422,0.384546517579197,0.505173676139585
115,0.223826019637583,0.226373207326793,0.42766354092193,0.382504884944363,0.306778049089535
116,0.617480772188426,0.471852596926117,0.755772037855122,0.766160941691053,0.454995415675771
117,0.432591569384963,0.944725551083503,0.978409163955102,0.918045202370847,0.711820807403955
118,0.332126626274721,0.411939108417354,0.0636171303468887,0.512239327723221,0.191517362142564
119,0.901230240880078,0.359131471503196,0.67306187448323,0.202963517375081,0.529831210317947
120,0.0329545454545457,0.0602270221225124,0.989772727272731,0.249454308861076,0.630052417261331
121,0.0851903522875828,0.174154322095732,0.117169815222376,0.311505796031186,0.0736079135665873
122,0.930263972053146,0.912005498090982,0.67839883143495,0.343004981913279,0.665433393618755
123,0.675198813660097,0.421798696530041,0.478921195909875,0.760178718141675,0.811618678422729
124,0.988985938703055,0.824076293796641,0.495133890508583,0.727111321285461,0.84673485766707
125,0.593885480756916,0.553869131077935,0.93611275498433,0.589730797921154,0.713973241854192
126,0.35451472506307,0.798807196902851,0.96852160126577,0.498807182787628,0.0304807733563679
127,0.302886736644935,0.819588233196445,0.263681097578171,0.996590909090913,0.22093989807458
128,0.628041403807975,0.650633275642019,0.555052137185271,0.942354187037553,0.620814698270536
129,0.801922279308052,0.732541653661928,0.927303778815907,0.705290784002738,0.532652408785446
130,0.45834003388989,0.595749907065329,0.484075100875944,0.432513855454593,0.470172540384201
131,0.558722829209162,0.532689487704244,0.327699803935648,0.529743976169594,0.593074728497904
132,0.829117321473855,0.219811232205314,0.0102272727272728,0.150267630488231,0.380176754820282
133,0.0856632630894279,0.391300826663354,0.597963616381028,0.557562891735127,0.250440963316954
134,0.51450608266866,0.390514025464794,0.861272159381437,0.731035257954014,0.533583355503278
135,0.703388806526396,0.687272731876171,0.758825875978153,0.844285522852111,0.399925934471904
136,0.710780274993814,0.622933858604694,0.316443661703535,0.63438646300364,0.692503997559946
137,0.676358073725173,0.238831960565353,0.444421624059005,0.136365077652332,0.18613970538287
138,0.727760810262869,0.514655155782921,0.271427448225395,0.696323955463361,0.5861474343051
139,0.532316698198422,0.0933935093840413,0.89807291491512,0.195953845839378,0.231826011496929
140,0.451453834453268,0.0662185718515709,0.0756547226224649,0.96931818579998,0.266177095949696
141,0.924014493994938,0.948982547546037,0.565897813841504,0.930681896945558,0.94886363636364
142,0.908719080101696,0.93045255953481,0.996590909090913,0.796515193123956,0.135645174609158
143,0.58288831198447,0.67585680317004,0.486971073941327,0.418423880354745,0.746557419688696
144,0.405096303272231,0.33861265238977,0.30220627166046,0.0715386628585895,0.673113310300542
145,0.904682596620507,0.849048194839646,0.985620082331639,0.477633987987155,0.942847284800532
146,0.244922060040127,0.230995780202873,0.625157950958622,0.388509130559225,0.146282443014173
147,0.63613049213188,0.343556003067197,0.87071703287943,0.665977685270594,0.337675887788613
148,0.264373234396678,0.162126233076245,0.328727276100773,0.215253116307983,0.221547829459256
149,0.439171465016055,0.861674735815254,0.432536849264149,0.271688126429556,0.903046634479773
150,0.716139131719974,0.501216322156673,0.149409226747174,0.62297541465518,0.369218577438115
151,0.551598362333122,0.177520921623156,0.0981442230947387,0.102633964291271,0.255011201844451
152,0.369873944865188,0.706560781755719,0.887116578609976,0.487329020948649,0.784667035642729
153,0.145779452589708,0.992045454545459,0.947760284236142,0.735438260938323,0.54003762215405
154,0.815443691472169,0.542678313593592,0.905683741204925,0.409869836425711,0.441365172600815
155,0.583398294212267,0.666971349363095,0.275561050693772,0.545118605381597,0.539954292666655
156,0.416063013084076,0.27502110025962,0.852900996198981,0.54441601470695,0.392965808419973
157,0.578114565847013,0.322266092887212,0.102199933582676,0.572120504463274,0.651742996404545
158,0.136820827195761,0.247562247266295,0.824341752685575,0.833529345229011,0.382203372715768
159,0.196127008141288,0.14221085582721,0.288217966926763,0.622252084780435,0.441272730968011
160,0.502810023125258,0.0784089068933137,0.540681769435929,0.379772687280033,0.0443248691379344
161,0.598700581322949,0.668536949698271,0.790737103504336,0.820681087630015,0.500921016399619
162,0.429744824911831,0.149144674202928,0.123409650473206,0.437510219131687,0.165526367229672
163,0.765011126073222,0.260945799138409,0.0735808421089757,0.159679764769494,0.361752364398577
164,0.791068225812622,0.828486718743081,0.765946453639615,0.877501049570155,0.720181956293386
165,0.160968987541577,0.385113440043505,0.584239320284102,0.508310970375638,0.765165735447023
166,0.799896193798759,0.459723034359872,0.0056818181818182,0.523236487282981,0.207892902598125
167,0.701930628740783,0.0954136144293001,0.900419835956877,0.347289425376122,0.274223903010111
168,0.433081250364277,0.525135900333361,0.524690322664465,0.133904422429279,0.435665842175196
169,0.910255896400946,0.649071806810192,0.265867402842692,0.856401902191682,0.539237237050938
170,0.618828159211559,0.339883380275785,0.391510230894119,0.239152989646514,0.859465023200855
171,0.610316674703546,0.84054607131959,0.923863636363642,0.525760664380971,0.279558569377021
172,0.306182627647952,0.793176672449164,0.135463554508422,0.0991487676698014,0.5641862136375
173,0.488492673802004,0.549344461747682,0.992045454545459,0.53083568406723,0.312490058111518
174,0.747236508062681,0.655230079020575,0.0344753806532432,0.0893920169052087,0.641538158622348
175,0.830478097829128,0.425530020118762,0.837578924475595,0.525409498441176,0.545615260436876
176,0.664272749991385,0.762264337275277,0.701183278367118,0.802794744028539,0.852263939113993
177,0.228663944290589,0.697344828426088,0.42679334386146,0.813256772253684,0.344378418419865
178,0.324971609410348,0.794716737096184,0.47254557348795,0.212832143941161,0.286296627752317
179,0.54202706331007,0.537584630944633,0.168013707490612,0.0079522363349366,0.274996248168561
180,0.203483971035416,0.196216054855372,0.137995781811716,0.454388891049046,0.305608039298883
181,0.161273298479534,0.487171466386553,0.510608853107343,0.25054488942243,0.277896704056504
182,0.46315511663613,0.77427600317798,0.471113270025892,0.56008991632534,0.759634843131059
183,0.510857622062247,0.464384464955022,0.785842110500822,0.83874869919718,0.892007946076294
184,0.261735464873904,0.291860913562036,0.120921021747749,0.360025914449009,0.492263038992019
185,0.838919157116977,0.565331862107087,0.578632352159245,0.88564383895672,0.73294784770344
186,0.667587195012857,0.775136658543757,0.792290205460057,0.75461462631287,0.701039799893087
187,0.564104978701693,0.833052113406925,0.234790613120981,0.786426824061077,0.612142561237617
188,0.917070702892645,0.533799554999218,0.663664780843762,0.453472058658506,0.805575852932414
189,0.688559434966975,0.345275244234563,0.851646466817755,0.722872484071927,0.257811348901076
190,0.409809259547298,0.759817715021968,0.294272102842035,0.326193847317159,0.525421936145122
191,0.0647568557059668,0.920202686783454,0.0215912317541486,0.653362558229791,0.583069335982128
192,0.496023980412393,0.627783049707128,0.161979570934762,0.626719165196012,0.762702219313095
193,0.277337115293967,0.146680342431071,0.519829822432631,0.346696028214362,0.210586724616012
194,0.762826596207721,0.852462859350273,0.504944890392929,0.418335821825948,0.481548141952975
195,0.678273428089687,0.402864579472539,0.444421624059005,0.80844478758549,0.555608152191533
196,0.56365122061816,0.743145744482359,0.17434060367849,0.0764984980923122,0.867041987117713
197,0.789173503387731,0.893201973898013,0.112935585697719,0.232334275089564,0.509119475673787
198,0.506127585685307,0.497900088032258,0.645307575794462,0.786711118673526,0.454164980039235
199,0.704768609197394,0.677076868943013,0.590058113180827,0.307873244034659,0.481548141952975
200,0.436940672849808,0.433677886193234,0.310241258102411,0.274792179695649,0.412941115368504
201,0.580735359228101,0.811050948165033,0.956765594594875,0.873899291031945,0.912035748856601
202,0.955681818191569,0.576893790783852,0.513437209623573,0.253175304655647,0.507640243489441
203,0.45934294209511,0.439016447921445,0.727162021516777,0.752293563883682,0.0261363636363637
204,0.0624886798969966,0.438934702147556,0.611820942688578,0.16491282902566,0.205393991465483
205,0.395194809200378,0.102886188198352,0.250314771359883,0.133711357559169,0.0329545482086916
206,0.100445472108508,0.121537251831717,0.0678797933649877,0.18809020143669,0.554576900226081
207,0.878544052397946,0.83026269488598,0.715811611084558,0.918010087214636,0.556913345407505
208,0.750254316439498,0.257471787628061,0.573360771428948,0.554657938049318,0.571285183684512
209,0.483344734842332,0.321354137763998,0.322673583467441,0.629010362946482,0.212263491893215
210,0.834096912707589,0.772390953678621,0.390153610912073,0.922677077958858,0.828160539957046
211,0.426508523475566,0.18961049146707,0.335037040854901,0.404487323528658,0.864106974002124
212,0.0783312522892382,0.0625536405138859,0.114169471665869,0.0806110591412693,0.0938343115124738
213,0.643403226778174,0.869915850365959,0.184320115636546,0.356052817296326,0.894119281218584
214,0.29149879835022,0.269850338667252,0.219233123514235,0.138247550470752,0.582191209691863
215,0.0589658977364594,0.715297052229499,0.638298241715279,0.837374451372527,0.580579241197774
216,0.652180098633583,0.625173754887297,0.479867630422049,0.231034347071834,0.147941059091156
217,0.0987504501851357,0.158822734190691,0.908984756387278,0.0215909090909656,0.943516351567925
218,0.422355070372392,0.329775394288606,0.538779768062947,0.610281743458458,0.355815510053545
219,0.467696053363697,0.632858264239266,0.779807467938951,0.511731791044204,0.326712575011792
220,0.6570978958335,0.584955572086555,0.87617696668204,0.546087385983201,0.632718960331498
221,0.751886042528085,0.447962352337437,0.699134380379001,0.804001715317341,0.66458517937216
222,0.38075787246873,0.187782672047584,0.800310033254027,0.59664926374527,0.683299566814622
223,0.38106242634145,0.709158765571634,0.778555670072605,0.286742768701065,0.83479915121623
224,0.452162853672282,0.362038232428309,0.841515838473212,0.553771489469738,0.289663318124803
225,0.28525866837618,0.478629166045669,0.276024882079614,0.274712686133608,0.279882931605354
226,0.0680735756744531,0.401881831016367,0.203418334688195,0.233312933297125,0.108249295551959
227,0.528938472556095,0.733061844459399,0.882954599829502,0.647292132959491,0.468823743837306
228,0.339008825880437,0.60570341519596,0.410514335633262,0.302651753960183,0.412119868448814
229,0.655904806942376,0.630037695457416,0.530143754892334,0.607586572709951,0.15800226374787
230,0.807684203184248,0.283180749583961,0.950029753988859,0.644640295645276,0.118857159664029
231,0.292297372741977,0.240419354904202,0.314389582953099,0.574949690675143,0.613898536172915
232,0.300774723755392,0.646866317996423,0.624143869301195,0.663136635778141,0.199012381119389
233,0.627108365849302,0.49001938626126,0.659205088532017,0.144112243146151,0.277771434266134
234,0.688404189749769,0.574193183049875,0.987107190403739,0.395310818434567,0.641791663701452
235,0.796246459273944,0.324796496990504,0.737505098376245,0.566071765461356,0.26289335628465
236,0.190824971740812,0.353383948708844,0.875922879221175,0.0518143135655696,0.246739854548817
237,0.741956309455886,0.661373790440361,0.982954468453978,0.394330441203508,0.707874852618868
238,0.949095821235191,0.631679231611664,0.199472725995177,0.542389471838102,0.875339346084391
239,0.184849486943915,0.127592187196782,0.419130197486792,0.170735247121703,0.0643431100984397
240,0.0289691315254536,0.590361336684138,0.0382206610542543,0.196228989521932,0.332146949721899
241,0.0171439287852625,0.23217760335368,0.261150914729287,0.239451403942325,0.0959718267904184
242,0.76304238424313,0.37346536199187,0.0534419047400178,0.0452103558566665,0.309652455294351
243,0.59401415538736,0.0693705417150252,0.0017373404995461,0.321229953019558,0.910749771509699
244,0.964716232418068,0.805865861374095,0.948792335954692,0.987500099104764,0.924147958776078
245,0.490622638780336,0.740912592614379,0.684872193171201,0.145687879583131,0.481548141952975
246,0.632289073804925,0.285688335021564,0.345618274065897,0.389406235715335,0.165772817335901
247,0.730801349413592,0.292600400053099,0.156548740766047,0.204379474163954,0.578458711102348
248,0.857058262086959,0.952648992327623,0.894250254646752,0.88818046458485,0.820506718134908
249,0.0116883670719775,0.0512680677919108,0.0829267413241567,0.062757110722031,0.0561726964706452
250,0.275797454753242,0.0532871163414069,0.581906428684287,0.697603201509831,0.172634164554838
251,0.192593768459022,0.048864143623055,0.0170458885978185,0.141808125314148,0.0793423781330651
252,0.742137864183824,0.923970812333744,0.74751625460934,0.90157069948051,0.199749673728373
253,0.545215261783586,0.837483618307063,0.813398839164379,0.598156605280074,0.839471375216359
254,0.455219924466765,0.9172327640099,0.818274513381875,0.962358123023232,0.964981438998682
255,0.876769048097711,0.932531256494092,0.592406753203599,0.517699333260663,0.216926040821671
256,0.702606964937541,0.310216118293087,0.764709958064652,0.714459106776663,0.831557752013318
257,0.727387575274234,0.664293006437605,0.921174019416207,0.792403659838831,0.316594569560519
258,0.49046659754012,0.600160326578324,0.1677624538999,0.681475038538065,0.258245729230064
259,0.353539241498171,0.700916092577736,0.607752015374268,0.966629370806828,0.688764766563234
260,0.588126692861435,0.443807997414124,0.612299363473745,0.353422125671805,0.71407616601536
261,0.351007149029935,0.513017903758268,0.299724227743169,0.183358913927876,0.585229465756111
262,0.0809874791519082,0.12514916711468,0.124918884993955,0.177947590066222,0.137585086807704
263,0.407180043895799,0.837143098247227,0.775174605180754,0.718472175035237,0.495453179016883
264,0.324904640830424,0.164001259165342,0.927308334393713,0.380797277524252,0.636951546067388
265,0.77606179743893,0.907541697924487,0.280502670486402,0.366032221927767,0.801365451850773
266,0.889364236397114,0.885474345813487,0.934145759667688,0.782162256465433,0.907940206338405
267,0.642252675787712,0.70709051220504,0.247893647572595,0.619615352564615,0.724042462061145
268,0.444618867681982,0.541624365240238,0.406984954558892,0.42164894784625,0.605177700635814
269,0.260197029981619,0.598239078916517,0.490043827902918,0.599494948347026,0.958404338399944
270,0.823018044896923,0.377457217374066,0.516834982262973,0.0852957707297339,0.666135847053739
271,0.36179750055664,0.531376431155495,0.390761174981457,0.0577239277302398,0.450433331994338
272,0.131718190188481,0.290777169421262,0.353126662864016,0.169548973357552,0.393923593582038
273,0.0711971589617479,0.483696427645425,0.250744916080554,0.0829553954688451,0.127904002555667
274,0.118105923552647,0.274327881342396,0.653639622505611,0.402958174602381,0.180167129743266
275,0.974115840284811,0.785730843137402,0.976136363636368,0.912895509775463,0.766431448835455
276,0.850251319259084,0.255597385628062,0.153526232588907,0.258675341149502,0.72962169743659
277,0.280171546536439,0.714935809222673,0.233723615501355,0.689010277501678,0.49354925347118
278,0.733425836543364,0.811780066801858,0.708586198751687,0.803949451662344,0.750453001625677
279,0.478740374238274,0.646161205467041,0.658738881707712,0.428634753165863,0.4500637742292
280,0.785490232977549,0.703028286087693,0.754501232361954,0.638193133141724,0.805916081542144
281,0.377024050208062,0.731870243500168,0.326018399321961,0.54415717400138,0.214547066939991
282,0.164635236004803,0.68832623479443,0.722280638790776,0.877396776296925,0.0603485246915505
283,0.152493060386339,0.0990271148661263,0.0261376417953021,0.949270221665022,0.316129312910874
284,0.364027923441849,0.45452771978452,0.960331368184681,0.290862527528659,0.693529606473897
285,0.0467211668796828,0.169350956702226,0.0781378213726853,0.476681741685929,0.101025107191335
286,0.411316856543041,0.255414908160647,0.195106972887313,0.356550462645166,0.256885645332595
287,0.749535936235164,0.842863519063544,0.806527572179713,0.447223943809149,0.881007394753791
288,0.846022416588155,0.822650895678792,0.297510861060297,0.718526769478709,0.696060866909121
289,0.909613104218873,0.962807527184752,0.46665204454519,0.530767828469918,0.625073378907929
290,0.122885278907313,0.155212184242461,0.327751584442629,0.421747708243241,0.201631403442541
291,0.272365436347969,0.412219961937637,0.21718656268806,0.343378732050593,0.376146810204117
292,0.220980788509109,0.0883710091463373,0.502324671953567,0.93809895859534,0.160104431900675
293,0.859911487739653,0.301605096452682,0.598593322425734,0.386102272995698,0.529570933646642
294,0.718708610873347,0.179372812256632,0.695979363534287,0.581760109178652,0.916950927391175
295,0.942239143175158,0.654861730389859,0.766711896430139,0.922772621653899,0.0623749754189428
296,0.442158211036281,0.608927840604039,0.816610789557052,0.989772628167972,0.843380833230959
297,0.544802955863796,0.631171660530645,0.690018570165909,0.374113554981871,0.676754212877824
298,0.145002036557782,0.250942919751514,0.793874769572667,0.608914908707606,0.373462952286153
299,0.46623381577518,0.856105093951569,0.53877460080609,0.121313947237592,0.417060394168102
300,0.518552576524416,0.328802948312913,0.444421624059005,0.461461140072971,0.703665585941696
301,0.271451015689632,0.402333351919462,0.517353300944826,0.753110306293287,0.437174813316313
302,0.445643795414926,0.389149666455062,0.671839579798734,0.594763927552802,0.737768335414294
303,0.84929291396161,0.263187174477262,0.847141970519088,0.68835950988087,0.787622487505688
304,0.377493273525672,0.375110990080238,0.720024151068313,0.540472700505742,0.346181858375636
305,0.321157151510951,0.38482003940349,0.746925143552909,0.262367482481072,0.312789250451238
306,0.426636873128151,0.307013044905912,0.393007854099546,0.354009477427393,0.527201803769908
307,0.779119762620222,0.645232855440894,0.771836793950648,0.737762167281144,0.377763302661962
308,0.330304059468388,0.917163803786828,0.381368990474459,0.249680241564524,0.293385988500329
309,0.310694394954054,0.429853323131701,0.14455377095316,0.0291137284991296,0.270717500201413
310,0.852968008328263,0.707197168161149,0.774894180673152,0.348396995791062,0.050197192670322
311,0.731203458546897,0.552637075045031,0.909197233305086,0.973852525035298,0.464490038551967
312,0.208488013681618,0.010536754445046,0.262375785776187,0.287705521659331,0.225897326408631
313,0.0034090909090909,0.0170454545454546,0.0193177511974669,0.0125376532343226,0.0147643918431355
314,0.0147700391964961,0.197654100715723,0.830129042066244,0.153417255606613,0.046584221926673
315,0.0439067349005554,0.0056818181818182,0.0609144083673507,0.0034090909090909,0.0079545454545454
316,0.0056818181818182,0.0011363636363636,0.0581426422173297,0.0192139523114722,0.0011363636363636
317,0.996590909090913,0.996590909090913,0.971405594174385,0.943842760511826,0.994318181818186
318,0.0011363636363636,0.0034090909090909,0.0857340730942304,0.20141139407824,0.0034090909321373
319,0.994318181818186,0.99886363636364,0.935345144532846,0.992045454545459,0.996590909090913
320,0.0904634406040232,0.0352616798069111,0.96477272728841,0.672647592447843,0.118291643989315
321,0.0358946399214861,0.0556855044166293,0.400612604113885,0.462439162994938,0.112479365728187
322,0.724392272080832,0.973962308398859,0.0420549605063635,0.709592264516602,0.60037519292222
323,0.209772288968101,0.719539545442013,0.814379546347383,0.747282645171997,0.928384298351263
324,0.0368326996177601,0.169371524490179,0.560876662115689,0.105507430619,0.050095460817607
325,0.89207331508442,0.850511366201915,0.553322585060424,0.765207390888997,0.987500000000004
326,0.922053156008081,0.980681818181822,0.309446874719069,0.887041300367523,0.605797738654803
327,0.99886363636364,0.994318181818186,0.375430865675483,0.985218952404614,0.99886363636364
328,0.048733378574863,0.0263088326408766,0.492740271410417,0.128599531153856,0.0104298499457899
329,0.218067169160944,0.0714944961750253,0.526784063083594,0.500583449767652,0.163494206172958
330,0.0079545454545454,0.277068886884361,0.105893013284563,0.473802950377997,0.102993615100443
331,0.56713663538243,0.771126013860966,0.713911334849094,0.745034939293462,0.744369626538966
332,0.21566135069206,0.785395751716283,0.825141779928366,0.440525942916946,0.567236782490026
333,0.494708085200823,0.937559809610367,0.362466612770284,0.468680859957467,0.976136363636368
334,0.221148914376111,0.410440978095136,0.994318181818186,0.440055183892274,0.624903020575774
335,0.353889365736025,0.0941297211452028,0.915922248486828,0.957960330975003,0.154910557138467
336,0.982954545454549,0.967045454546767,0.889722928754742,0.215280537354992,0.855734048634448
337,0.667466974783275,0.907761482270153,0.231236470520052,0.707882613703879,0.778315060889325
338,0.0592491661570816,0.114235604950716,0.624528278178024,0.126084151117875,0.0880464212410523
339,0.96090641288082,0.976037691601149,0.571151988896638,0.527799345159828,0.874109568737551
340,0.512290241510364,0.955963417090283,0.234606652987437,0.0738967312591618,0.424860393681857
341,0.202157776083354,0.0850727094267426,0.132252162940998,0.156671902765458,0.65248623517796
342,0.642582397992108,0.964265290646357,0.340432129792972,0.709601344726394,0.832629217095289
343,0.111171283956834,0.110221063649334,0.700431060543838,0.255539192911744,0.0215909090909132
344,0.855037544979364,0.969318181818186,0.729504440427674,0.639728117927789,0.918600248835366
345,0.612639376085257,0.893011764170826,0.542831967161086,0.971602020419256,0.904665504143202
346,0.160751285677849,0.746384395050399,0.451162251289192,0.55233470208682,0.916094639630698
347,0.574403319204007,0.634829484840171,0.366132346255501,0.731035607377214,0.925876833826427
348,0.0418681535737203,0.0410800838202817,0.0942038634287161,0.0428193630158323,0.0954734279596022
349,0.618371872962325,0.901191715515399,0.941971686097641,0.867070701105124,0.55917030456021
350,0.875990201655426,0.957141303464495,0.200366211847751,0.774249807516991,0.971590909110508
351,0.671765563880679,0.197852608978372,0.683616281490889,0.594310389715072,0.739820258227991
352,0.991356916028695,0.938431794082769,0.618932875421855,0.898732485442939,0.868692481502944
353,0.946216958199611,0.869703943065951,0.857877036502236,0.819207535216511,0.792534077078914
354,0.779646255152672,0.926579167366716,0.306964872209072,0.215665796726033,0.171288848134128
355,0.294048595485087,0.338641585038833,0.722988887818534,0.691007295355573,0.405938067552572
356,0.187224122804859,0.753535886307675,0.224204550905674,0.329348273253437,0.371598675470486
357,0.548804537164268,0.77175577196337,0.435947600051033,0.523900401539102,0.404132083651134
358,0.244166100626729,0.879292014268687,0.628064831484318,0.93431914476175,0.748043287501961
359,0.791759262659074,0.978409090909227,0.14037116239519,0.893736496983443,0.966918472563082
360,0.531180518126767,0.383572475387325,0.745212780281766,0.650748641825396,0.989772727272731
361,0.93455090768208,0.0579408192369142,0.102696890551243,0.0102272727272728,0.0286101357345413
362,0.509333125890659,0.985227272727277,0.60419234263371,0.976136363636372,0.969210115746991
363,0.535594053622395,0.557077815574849,0.817740788383154,0.99886363636364,0.4300747687755
364,0.919670611484533,0.672416362490684,0.215606600608657,0.29830174560783,0.618694665438441
365,0.968661573449533,0.20315240015662,0.17588067843008,0.558680528691817,0.601745092052692
366,0.357470313501639,0.942028917138078,0.122919233605578,0.057329811773783,0.889835936690351
367,0.978410659216356,0.812759780540051,0.63416072620125,0.816707356581319,0.955005927571198
368,0.877787396598328,0.361064125466848,0.310804288199443,0.824936478891535,0.150331491799893
369,0.0689211152321864,0.60252232426524,0.32762536127653,0.283991161540951,0.143827207033353
370,0.784814447909517,0.683117053986888,0.727740069068385,0.793952028321221,0.363268672703573
371,0.4161598386082,0.558755869639172,0.570219084612909,0.631241923423004,0.79885049760345
372,0.128252414450057,0.588888565547936,0.400849436816156,0.224353521334136,0.244155541029908
373,0.235036001707911,0.724196308060096,0.491823500684805,0.42611182645149,0.47002315397279
374,0.696206728024356,0.89717693553043,0.371388571743402,0.0147350740384047,0.0748287358482245
375,0.591839676210303,0.916882092613371,0.270232244246702,0.484750285217626,0.754515049425893
376,0.639308077370667,0.448043207161496,0.189189780415297,0.216594208217408,0.500602246400869
377,0.553639105782108,0.293368043676771,0.642856691731264,0.655527768652819,0.980681818181824
378,0.89663018134248,0.757024162954679,0.66437945471212,0.837013253598805,0.958154958174825
379,0.52210814504304,0.580169913509333,0.559125026415427,0.76702095127586,0.97386363636364
380,0.293967865962057,0.3521071151625,0.42431757750045,0.861606049297896,0.131020124111566
381,0.182160306569404,0.0282372215194796,0.696401401831655,0.267386946999232,0.108514721732103
382,0.489667673098677,0.725061071181308,0.510704944276341,0.675599999325151,0.882631089470191
383,0.284616752587618,0.42436012358922,0.903112976423741,0.305742134420188,0.296404891707923
384,0.323948368984364,0.61624205078334,0.241998897888708,0.360553716110902,0.195908923340652
385,0.182336888424015,0.239570603984596,0.181728777964142,0.230586438554876,0.0669208795339615
386,0.885207739134146,0.785657749491256,0.847071262331999,0.787288136849384,0.660913473074647
387,0.257510791728487,0.361494794984835,0.953409139787091,0.867928945941931,0.589007426353777
388,0.718427796407409,0.670960406550021,0.655733296510351,0.9465808192161,0.360948065059445
389,0.160103849189024,0.868157769980223,0.464826252411837,0.215518926308589,0.324453356743679
390,0.113709452685918,0.0738616262680025,0.190173617508868,0.157535785678321,0.0397942780825799
391,0.939893478162726,0.857462945467917,0.805851870568674,0.939350559576772,0.921023272855723
392,0.232963781321519,0.110225933867014,0.374093386522729,0.67720830653205,0.180019437785089
393,0.37092853910807,0.462140559891979,0.223643904353271,0.303558822091098,0.308108051950943
394,0.788753511478378,0.747739556908492,0.377418351239712,0.319137952072106,0.934362075190115
395,0.929475593989446,0.447418586173934,0.557372059092692,0.428397915765953,0.678155087289566
396,0.583467973511118,0.357607588280567,0.283352693631592,0.11211368489371,0.793525207385485
397,0.0959790834122352,0.690100539221854,0.598351923130259,0.493253693359579,0.931016612012021
398,0.47952439902025,0.807035455634544,0.821439486411894,0.035146290049562,0.859034619284592
399,0.236677839251128,0.0448983479340039,0.831523937409139,0.50646401497737,0.849225091260111
400,0.523255139314711,0.0760083906058991,0.461327825689571,0.336392360630961,0.893313396180012
401,0.975883402881515,0.840563004250014,0.930693687267019,0.869620305699332,0.982954545454549
402,0.10592820975514,0.706783464313844,0.866867407202053,0.415661881236776,0.61046127822701
403,0.195451466402338,0.0869772746783872,0.741990061349966,0.897561153703799,0.426034287112785
404,0.0776533924652259,0.565350654851678,0.421125519973641,0.0305087663262075,0.74447952605244
405,0.13083302669415,0.118794425292258,0.129165006710526,0.657248638951667,0.186524431593464
406,0.926895465679934,0.887509871195251,0.255054342457161,0.662102270817885,0.978409090909095
407,0.144389808897123,0.101390471309134,0.40883906432722,0.164761372146262,0.0352272874697097
408,0.907136278719857,0.752163269432618,0.784771241456305,0.765128120421377,0.754764096344519
409,0.399903916273298,0.482899574895562,0.360305765732612,0.861021500896255,0.771679293312118
410,0.894406818141151,0.881278076789181,0.0921085578759146,0.205489120755947,0.992045454545459
411,0.241008415286324,0.909562452999843,0.656271129127312,0.799242929711271,0.820706073850922
412,0.0285324552230506,0.0238636363636364,0.0284078127501526,0.0171497048471409,0.0056818181818182
413,0.244928021620278,0.392293160112664,0.039065485541742,0.269273332600025,0.0891336349836821
414,0.82049612981898,0.819373418483869,0.968027537349585,0.465269457472192,0.0375358439091898
415,0.883356610865796,0.529222502467926,0.0895739268610861,0.465197961503227,0.239393647955488
416,0.606902282773057,0.733919759357655,0.477634187924096,0.95568181951033,0.798588105528646
417,0.362293660909697,0.613665246446834,0.800311652288017,0.467879367225997,0.353661785791854
418,0.0110415937315265,0.0214149477077318,0.0511370640539483,0.0664661795556883,0.0812912564854267
419,0.255376864780149,0.0460108354982773,0.254444182397287,0.39307135366983,0.114625815874713
420,0.98892842016141,0.971590958769166,0.876424880430308,0.965180592277727,0.899227066815298
421,0.614012230857824,0.43580922043818,0.757298399370067,0.610278658347451,0.23690415553201
422,0.888906201903907,0.274989708662561,0.0627752281045095,0.039783255374088,0.611225960217752
423,0.0556461820130172,0.223468243485707,0.14493056271678,0.0491929656072692,0.0238636363641632
424,0.980680249874561,0.133147218364641,0.0976922849707015,0.387096210845418,0.807544243973572
425,0.863299521218961,0.55856442916654,0.193276265903377,0.64441240535768,0.241629479823547
426,0.106758999042889,0.130861794721979,0.289866404403632,0.295509160128534,0.053122257814033
427,0.19674671596679,0.905185413694576,0.913217547376092,0.70537928080329,0.599563499793321
428,0.104166886943496,0.08103163553201,0.429861328283679,0.463216883965851,0.107261952135707
429,0.388878802873592,0.241615292279339,0.349364380990294,0.411094719979459,0.0419881054445539
430,0.957955587647725,0.987500000000004,0.885690591571624,0.854361013281183,0.961005693752613
431,0.0403615161403784,0.27682215811661,0.684493633600079,0.368694817464983,0.381296062710394
432,0.0513756835395996,0.0194941432013592,0.0482810898363873,0.115325232573873,0.0756038220479354
433,0.0239316725420011,0.0147727272727273,0.0238633137006094,0.0375000000027409,0.0123058222677315
434,0.897416211309826,0.952370457290497,0.824448357064202,0.737173133413663,0.937611561345724
435,0.166649278699294,0.212277052203228,0.0147727272763637,0.0453737102793059,0.0693199085442326
436,0.868866246304396,0.635736532700573,0.855715304797038,0.880719508725692,0.781381685876895
437,0.75664548278883,0.353443781966317,0.579461771650525,0.758153250426694,0.72825930175466
438,0.172871615064101,0.210594164889508,0.870356696803549,0.902177118099172,0.946590909090913
439,0.519529448029143,0.327365559869982,0.844859932768989,0.856366297688909,0.985227272727277
