Date,AAL,AGO,ALLY,AMD,AMGN,AMKR,APA,ARW,BA,C,CAH,F,GS,JPM,MAR,MS,WF
2014-02-01,34.81543731689453,21.15766716003418,22.623170852661133,3.7100000381469727,98.9444351196289,5.835503578186035,67.63594818115234,56.630001068115234,110.18424987792969,40.8366813659668,55.546756744384766,10.707306861877441,144.5048828125,44.94881057739258,49.782310485839844,25.297218322753906,41.51370620727539
2014-03-01,34.504337310791016,21.92428970336914,24.159313201904297,4.010000228881836,98.90341186523438,6.762087345123291,70.75804901123047,59.36000061035156,107.85763549804688,39.97174072265625,54.34309768676758,10.853410720825195,142.72784423828125,48.026084899902344,51.58832931518555,25.601106643676758,41.29916763305664
2014-04-01,33.061927795410156,20.703386306762695,20.90967559814453,4.090000152587891,89.60970306396484,7.83652925491333,74.0421371459961,56.75,110.89165496826172,40.23206329345703,54.21571731567383,11.236062049865723,139.21737670898438,44.284305572509766,53.347232818603516,25.403989791870117,38.98688888549805
2014-05-01,37.86050796508789,21.144989013671875,20.398836135864258,4.0,93.00963592529297,9.965699195861816,79.75541687011719,57.70000076293945,116.24627685546875,39.94655990600586,55.089271545410156,11.527209281921387,139.20867919921875,44.23704147338867,56.74530792236328,25.429651260375977,34.83000183105469
2014-06-01,40.50017547607422,21.311176300048828,20.701881408691406,4.190000057220459,95.43916320800781,11.020427703857422,86.08658599853516,60.40999984741211,109.96673583984375,39.56012725830078,53.4747200012207,12.088143348693848,146.35263061523438,45.86897277832031,59.23028564453125,26.6409854888916,35.16999816894531
2014-07-01,36.62550354003906,19.414907455444336,19.87934112548828,3.9100000858306885,102.71179962158203,8.72368335723877,87.8319320678711,57.95000076293945,104.13263702392578,41.08037185668945,56.16310501098633,11.933887481689453,151.09878540039062,45.908748626708984,59.7939338684082,26.649221420288086,40.2599983215332
2014-08-01,36.746700286865234,21.00672721862793,21.299293518066406,4.170000076293945,112.37909698486328,10.251561164855957,87.34257507324219,62.25,109.5950927734375,43.39043426513672,57.77000045776367,12.29481315612793,156.55291748046875,47.656593322753906,64.12764739990234,28.358322143554688,40.52000045776367
2014-09-01,33.533241271972656,19.365617752075195,20.03519630432129,3.4100000858306885,113.79508209228516,8.289963722229004,80.5150375366211,55.349998474121094,110.76315307617188,43.53324890136719,58.72630310058594,10.444592475891113,160.94883728027344,48.28987121582031,64.78115844726562,28.57322120666504,37.060001373291016
2014-10-01,39.0811767578125,20.16960906982422,19.65423011779785,2.799999952316284,131.39170837402344,6.683229446411133,66.21670532226562,56.86000061035156,108.6153793334961,44.96979522705078,61.796905517578125,9.950255393981934,166.57772827148438,48.48226547241211,70.2027359008789,28.88730239868164,34.09000015258789
2014-11-01,45.982337951660156,22.33687400817871,20.589319229125977,2.7899999618530273,133.92750549316406,6.594513416290283,55.16115951538086,58.439998626708984,116.83259582519531,45.348045349121094,64.71824645996094,11.207345962524414,165.19241333007812,48.5506591796875,73.02012634277344,29.16227912902832,28.68000030517578
2014-12-01,50.814613342285156,22.813274383544922,20.450788497924805,2.6700000762939453,129.54345703125,6.998661518096924,53.938995361328125,57.88999938964844,113.68345642089844,45.46567916870117,63.568603515625,11.043476104736328,170.48712158203125,50.503665924072266,72.50366973876953,32.16305923461914,27.25
2015-01-01,46.50347137451172,21.435176849365234,16.199583053588867,2.569999933242798,123.82627868652344,6.259366035461426,53.852928161621094,55.040000915527344,127.14390563964844,39.44951629638672,65.78368377685547,10.48061466217041,151.6467742919922,43.88605499267578,69.22369384765625,28.02661895751953,23.649999618530273
2015-02-01,45.38542175292969,23.278491973876953,17.991846084594727,3.109999895095825,128.26666259765625,9.5911226272583,56.89584732055664,61.959999084472656,131.9368438720703,44.05501174926758,69.57939147949219,11.76075553894043,166.9336395263672,49.77267074584961,77.21459197998047,29.753786087036133,25.950000762939453
2015-03-01,50.11055374145508,23.27072525024414,18.165010452270508,2.680000066757202,130.68714904785156,8.713827133178711,52.13437271118164,61.150001525878906,132.0752410888672,43.29863739013672,71.38228607177734,11.616804122924805,165.8518829345703,49.20411682128906,74.81342315673828,29.670642852783203,25.59000015258789
2015-04-01,45.8476448059082,22.918004989624023,18.952909469604492,2.259999990463257,129.10105895996094,6.929660797119141,59.10809326171875,59.709999084472656,126.14378356933594,44.81139373779297,66.94796752929688,11.372090339660645,173.3075408935547,51.38084411621094,74.56193542480469,31.01741600036621,29.670000076293945
2015-05-01,40.30952072143555,25.210681915283203,19.628257751464844,2.2799999713897705,127.7520980834961,6.663514137268066,51.89527893066406,60.790000915527344,123.66214752197266,45.45011901855469,69.98818969726562,11.021588325500488,181.927978515625,53.78276443481445,72.64315795898438,31.88640594482422,28.079999923706055
2015-06-01,37.9976921081543,21.243009567260742,19.420459747314453,2.4000000953674316,126.13069152832031,5.894647121429443,49.978694915771484,55.79999923706055,122.8603744506836,46.46900177001953,66.4002685546875,10.905340194702148,184.7965545654297,55.40162658691406,69.5047378540039,32.37889862060547,26.350000381469727
2015-07-01,38.149906158447266,21.659191131591797,19.714841842651367,1.9299999475479126,145.08477783203125,4.347055435180664,39.77134704589844,58.150001525878906,127.68730163574219,49.1777229309082,67.76082611083984,10.77456283569336,181.50411987304688,56.03120040893555,67.84164428710938,32.420631408691406,24.3700008392334
2015-08-01,37.084381103515625,22.36758804321289,18.92693328857422,1.809999942779541,124.70111846923828,5.322925567626953,39.42831039428711,55.91999816894531,115.73956298828125,45.02665328979492,65.59992218017578,10.180055618286133,166.92674255371094,52.751705169677734,66.01970672607422,28.866525650024414,23.100000381469727
2015-09-01,37.02786636352539,22.237445831298828,17.645509719848633,1.7200000286102295,114.17111206054688,4.425913333892822,34.12937545776367,55.279998779296875,116.71868896484375,41.76837158203125,61.254241943359375,9.95986557006836,154.322265625,50.175846099853516,63.94039535522461,26.394636154174805,23.600000381469727
2015-10-01,44.07489013671875,24.407825469970703,17.247234344482422,2.119999885559082,130.56382751464844,6.131220817565918,41.07551574707031,54.9900016784668,131.9781494140625,44.76565170288086,65.87470245361328,10.869977951049805,166.52523803710938,52.87514877319336,71.98451232910156,27.626388549804688,25.940000534057617
2015-11-01,39.345088958740234,23.518327713012695,17.28186798095703,2.359999895095825,132.9740447998047,6.702943801879883,43.09986114501953,56.560001373291016,129.64283752441406,45.58189010620117,69.6011734008789,10.624709129333496,168.76333618164062,55.27090072631836,66.48114776611328,28.875213623046875,24.68000030517578
2015-12-01,40.47158432006836,23.615890502929688,16.13897705078125,2.869999885559082,134.6675567626953,5.99321985244751,38.97217559814453,54.18000030517578,129.67312622070312,43.609954833984375,71.54055786132812,10.446764945983887,160.6165771484375,54.73210906982422,63.066715240478516,26.77902603149414,22.600000381469727
2016-01-01,37.26062774658203,21.248043060302734,13.723325729370117,2.200000047683716,126.70345306396484,6.052363395690918,37.2807731628418,51.599998474121094,107.73660278320312,35.882354736328125,65.48851776123047,8.85268783569336,143.97837829589844,49.31941604614258,57.648109436035156,21.78689956665039,22.010000228881836
2016-02-01,39.18146514892578,22.16836929321289,15.221202850341797,2.140000104904175,118.03422546386719,4.987778663635254,33.79245376586914,57.15999984741211,105.98777770996094,32.779476165771484,65.75407409667969,9.588132858276367,133.2574462890625,46.9799919128418,64.11093139648438,20.91661262512207,21.25
2016-03-01,39.29795455932617,22.606204986572266,16.208242416381836,2.8499999046325684,125.24549102783203,5.805931568145752,43.08802032470703,64.41000366210938,114.89752960205078,35.226341247558594,65.95527648925781,10.346904754638672,140.5045928955078,49.41661071777344,67.21293640136719,21.179126739501953,24.940000534057617
2016-04-01,33.241790771484375,23.233823776245117,15.420341491699219,3.549999952316284,132.23745727539062,5.628500938415527,48.022708892822266,62.099998474121094,122.01187896728516,39.04848861694336,63.44654846191406,10.392889976501465,146.8862762451172,52.73775100708008,66.18368530273438,22.915122985839844,27.469999313354492
2016-05-01,30.577856063842773,24.149885177612305,15.532898902893066,4.570000171661377,131.94508361816406,6.219936847686768,50.67173767089844,64.62000274658203,114.18248748779297,39.334739685058594,63.8427848815918,10.453276634216309,142.7421875,54.86832809448242,62.35942077636719,23.304523468017578,25.280000686645508
2016-06-01,27.206567764282227,22.903350830078125,14.779633522033691,5.139999866485596,127.93669128417969,5.6679301261901855,49.3681526184082,61.900001525878906,118.50839233398438,35.804161071777344,63.08266830444336,9.740372657775879,133.53131103515625,52.23712158203125,63.03717041015625,22.120986938476562,24.84000015258789
2016-07-01,34.1163330078125,24.185287475585938,15.619482040405273,6.860000133514404,144.6529998779297,6.200222492218018,46.55699157714844,66.48999786376953,121.96687316894531,37.003536224365234,68.00782012939453,9.810115814208984,142.7251739501953,53.77550506591797,68.00727844238281,24.462509155273438,27.290000915527344
2016-08-01,34.88514709472656,25.06999969482422,17.430097579956055,7.400000095367432,142.9965057373047,8.970115661621094,44.274803161621094,65.83000183105469,118.12513732910156,40.46916198730469,64.81082153320312,9.870680809020996,152.29653930664062,57.18467712402344,67.65635681152344,27.485944747924805,28.670000076293945
2016-09-01,35.28837585449219,25.172435760498047,16.934328079223633,6.909999847412109,141.0791015625,9.581266403198242,56.89801788330078,63.970001220703125,121.21104431152344,40.036842346191406,63.20821762084961,9.455484390258789,145.50282287597656,56.41373062133789,63.86235809326172,27.485944747924805,31.450000762939453
2016-10-01,39.13433074951172,27.113662719726562,15.716655731201172,7.230000019073486,119.38568878173828,9.137688636779785,52.98721694946289,61.119998931884766,131.04664611816406,41.66442108154297,56.20112228393555,9.196966171264648,160.8136749267578,58.67571258544922,65.4425048828125,28.78050422668457,33.0099983215332
2016-11-01,44.76350402832031,32.43842315673828,16.963489532470703,8.90999984741211,121.84683990478516,11.651291847229004,58.98565673828125,68.2699966430664,138.52687072753906,47.801761627197266,58.09931182861328,9.486038208007812,197.8502197265625,68.41213989257812,75.04454803466797,35.67148971557617,30.90999984741211
2016-12-01,45.11809539794922,34.391876220703125,16.614084243774414,11.34000015258789,124.49200439453125,10.399418830871582,56.76755905151367,71.30000305175781,144.337646484375,50.54536819458008,58.88475799560547,9.620875358581543,216.70887756347656,73.63460540771484,79.0671157836914,36.439083099365234,32.0
2017-01-01,42.7602424621582,35.4299201965332,18.44844627380371,10.369999885559082,133.40679931640625,9.275690078735352,53.50299835205078,73.5199966430664,151.5137176513672,47.48356628417969,61.71307373046875,9.803297996520996,207.54098510742188,72.21806335449219,80.90321350097656,36.64607620239258,34.16999816894531
2017-02-01,44.79921340942383,37.43315124511719,19.72521209716797,14.460000038146973,150.3083038330078,9.679837226867676,47.22359085083008,72.19999694824219,167.09902954101562,50.86856460571289,66.99031066894531,10.098295211791992,224.5011749267578,77.75743103027344,83.18878173828125,39.568477630615234,35.43000030517578
2017-03-01,40.96681213378906,33.79090881347656,17.83074951171875,14.550000190734863,140.66261291503906,11.424574851989746,46.14603042602539,73.41000366210938,165.38502502441406,51.02272033691406,67.13847351074219,9.38101863861084,208.4463653564453,75.37202453613281,90.37273406982422,37.11656951904297,35.15999984741211
2017-04-01,41.27672576904297,34.841827392578125,17.365903854370117,13.300000190734863,140.0196075439453,11.611863136291504,43.67665481567383,70.5,172.8379669189453,50.425662994384766,60.09072494506836,9.244009017944336,203.07461547851562,74.65125274658203,90.60302734375,37.57576370239258,39.720001220703125
2017-05-01,46.884239196777344,35.69163131713867,16.322599411010742,11.1899995803833,133.0923614501953,11.178142547607422,42.197593688964844,75.58999633789062,175.45626831054688,51.77467727661133,61.49799728393555,9.082716941833496,191.6958770751953,70.8946533203125,103.2981948852539,36.3272819519043,41.77000045776367
2017-06-01,48.83898162841797,38.281978607177734,18.40034294128418,12.479999542236328,148.72593688964844,9.630553245544434,43.253440856933594,78.41999816894531,186.33531188964844,57.196720123291016,64.50296783447266,9.139891624450684,202.0284423828125,78.8773422241211,96.56134033203125,38.781585693359375,48.70000076293945
2017-07-01,48.9554443359375,41.281063079833984,19.932233810424805,13.609999656677246,150.69476318359375,10.2219877243042,44.65220260620117,81.29000091552734,228.46450805664062,58.53940963745117,64.33245849609375,9.164395332336426,205.1512451171875,79.2225341796875,100.29635620117188,40.818145751953125,51.2599983215332
2017-08-01,43.423213958740234,39.01570510864258,20.002389907836914,13.0,153.50990295410156,8.654683113098145,35.23491668701172,79.43000030517578,225.82614135742188,58.18022155761719,56.1722412109375,9.124905586242676,203.70362854003906,78.86865234375,99.70915985107422,39.81050491333008,49.369998931884766
2017-09-01,46.185768127441406,34.73653793334961,21.471593856811523,12.75,162.0911865234375,10.399418830871582,41.54888916015625,80.41000366210938,240.9649658203125,62.49637985229492,55.72259521484375,9.902549743652344,216.68670654296875,82.87760162353516,106.49420928955078,42.14664077758789,46.619998931884766
2017-10-01,45.53417205810547,34.138427734375,23.12665557861328,10.989999771118164,152.32833862304688,11.40485954284668,37.53008270263672,83.58999633789062,244.5385284423828,63.14934539794922,51.90060806274414,10.15073299407959,221.51939392089844,87.3030776977539,115.39933776855469,43.7478141784668,43.900001525878906
2017-11-01,49.10338592529297,33.41149139404297,23.882007598876953,10.890000343322754,152.71083068847656,10.419134140014648,38.17380905151367,80.7300033569336,262.3779602050781,64.8676986694336,49.62838363647461,10.486164093017578,226.2333984375,91.22607421875,122.66248321533203,45.378238677978516,45.31999969482422
2017-12-01,50.711875915527344,31.28653335571289,25.927003860473633,10.279999732971191,152.21421813964844,9.90655517578125,38.52971267700195,80.41000366210938,281.047119140625,64.20610046386719,51.37237548828125,10.461038589477539,233.4692840576172,93.33827209472656,131.43882751464844,46.13439178466797,44.689998626708984
2018-01-01,52.94386672973633,32.875343322753906,26.469377517700195,13.739999771118164,162.84909057617188,9.916413307189941,40.948081970214844,81.33999633789062,337.71209716796875,67.71797180175781,60.643856048583984,9.187956809997559,245.5020751953125,100.95790100097656,142.6817626953125,49.721744537353516,47.31999969482422
2018-02-01,52.87563705444336,31.9423828125,24.91175079345703,12.109999656677246,160.85340881347656,9.90655517578125,31.332822799682617,81.58000183105469,345.18353271484375,65.13799285888672,58.46441650390625,9.105276107788086,240.95651245117188,101.33468627929688,136.7455596923828,49.47101974487305,45.47999954223633
2018-03-01,50.74103927612305,33.43880844116211,24.242074966430664,10.050000190734863,150.34872436523438,9.985414505004883,35.30561065673828,77.0199966430664,314.00970458984375,58.47996139526367,52.948272705078125,9.508622169494629,231.45953369140625,96.48290252685547,131.9877166748047,47.651851654052734,41.369998931884766
2018-04-01,41.92288589477539,33.674285888671875,23.30453872680664,10.880000114440918,153.87635803222656,8.161818504333496,37.57184982299805,74.73999786376953,319.449462890625,59.147056579589844,54.61021041870117,9.645930290222168,219.02549743652344,95.4388427734375,132.6671600341797,45.58539962768555,44.720001220703125
2018-05-01,42.51857376098633,32.93194580078125,23.014877319335938,13.729999542236328,158.40940856933594,8.970115661621094,36.919830322265625,74.12000274658203,337.26263427734375,57.778194427490234,44.32985305786133,10.044953346252441,207.5839080810547,94.36204528808594,131.38589477539062,44.49150466918945,43.189998626708984
2018-06-01,37.156166076660156,33.305213928222656,23.571184158325195,14.989999771118164,164.04898071289062,8.467395782470703,43.150047302246094,75.27999877929688,322.9198303222656,58.2518196105957,41.555503845214844,9.62750244140625,203.4208526611328,91.88414764404297,123.24290466308594,42.060176849365234,43.970001220703125
2018-07-01,38.70271682739258,36.27873611450195,24.01084327697754,18.329999923706055,174.67811584472656,8.556110382080078,42.457794189453125,75.83999633789062,342.9296569824219,62.57805252075195,42.9141960144043,8.731718063354492,218.96994018554688,101.36357116699219,124.45002746582031,44.86418914794922,45.90999984741211
2018-08-01,39.622806549072266,37.975215911865234,24.25142478942871,25.170000076293945,177.57534790039062,8.605395317077637,40.68321228027344,77.52999877929688,329.9266662597656,62.01226043701172,44.83867263793945,8.360593795776367,219.3204345703125,101.58637237548828,123.1163558959961,43.585208892822266,43.900001525878906
2018-09-01,40.56037902832031,39.51737594604492,23.863475799560547,30.889999389648438,185.4768524169922,7.28452205657959,44.24750518798828,73.72000122070312,359.7129821777344,62.84110641479492,46.39372253417969,8.15775203704834,207.49038696289062,100.04369354248047,128.95135498046875,41.56795120239258,45.33000183105469
2018-10-01,34.4267578125,37.41190719604492,22.925172805786133,18.209999084472656,172.50270080566406,7.047948360443115,35.11397933959961,67.70999908447266,343.2313232421875,57.340118408203125,43.85881805419922,8.422327995300293,208.5359649658203,96.65687561035156,114.16436767578125,40.755699157714844,41.540000915527344
2018-11-01,39.412166595458984,38.19794845581055,24.215930938720703,21.299999237060547,186.3358154296875,6.752229690551758,32.801551818847656,76.97000122070312,335.3968811035156,56.75322341918945,47.5252685546875,8.447940826416016,176.44638061523438,99.27113342285156,112.34773254394531,39.89442443847656,42.279998779296875
2018-12-01,31.59904670715332,35.96442413330078,20.567201614379883,18.459999084472656,175.401123046875,6.466368675231934,24.510122299194336,68.94999694824219,313.3722229003906,45.91617965698242,38.658164978027344,6.867879867553711,155.1981201171875,87.15575408935547,106.40306854248047,35.634464263916016,42.119998931884766
2019-01-01,35.200801849365234,38.106510162353516,23.653188705444336,24.40999984741211,168.5894317626953,7.885815620422363,30.644657135009766,75.94999694824219,374.70574951171875,56.85279083251953,43.780208587646484,7.900305271148682,183.9615936279297,92.40544891357422,112.25444793701172,38.016090393066406,40.400001525878906
2019-02-01,35.06303787231445,39.233917236328125,24.74526596069336,23.530000686645508,171.2654571533203,8.654683113098145,31.227142333984375,79.69999694824219,427.5077209472656,56.429439544677734,47.608890533447266,8.010540008544922,182.7445068359375,93.92991638183594,122.78105926513672,37.99676513671875,39.310001373291016
2019-03-01,31.33982276916504,41.74241638183594,25.110641479492188,25.520000457763672,172.4989013671875,8.418108940124512,32.62004470825195,77.05999755859375,372.486572265625,55.262935638427734,42.18565368652344,8.019673347473145,179.08901977539062,91.11274719238281,123.00196838378906,38.195899963378906,35.939998626708984
2019-04-01,33.727806091308594,44.814605712890625,27.13849449157715,27.6299991607666,162.81979370117188,8.93068790435791,30.973031997680664,84.51000213623047,368.8439025878906,62.794742584228516,43.10445022583008,9.545056343078613,192.0829620361328,104.45158386230469,134.14283752441406,43.67184066772461,35.810001373291016
2019-05-01,26.869754791259766,38.39775085449219,26.521587371826172,27.40999984741211,151.36102294921875,6.387511253356934,24.703250885009766,62.65999984741211,333.6089172363281,55.20076370239258,37.22858428955078,8.83509349822998,170.22738647460938,96.09976959228516,122.7561264038086,37.06132888793945,35.290000915527344
2019-06-01,32.27145004272461,39.53456497192383,28.469139099121094,30.3700008392334,168.763916015625,7.353523254394531,27.451213836669922,71.2699966430664,357.526611328125,62.600040435791016,41.67973327636719,9.494011878967285,191.71185302734375,101.3963394165039,138.46841430664062,39.903099060058594,36.720001220703125
2019-07-01,30.193246841430664,41.04716873168945,30.232955932617188,30.450000762939453,170.87026977539062,9.098259925842285,23.139755249023438,72.61000061035156,335.10321044921875,63.61014938354492,40.88935089111328,8.84437370300293,206.26361083984375,105.20548248291016,137.25439453125,40.58621597290039,33.2599983215332
2019-08-01,26.036849975585938,39.976131439208984,28.945568084716797,31.450000762939453,191.05455017089844,8.625110626220703,20.65847396850586,69.19999694824219,357.6051940917969,57.522674560546875,38.564579010009766,8.63729190826416,191.06533813476562,100.34225463867188,124.4231948852539,38.08470153808594,29.350000381469727
2019-09-01,26.78388023376465,41.935665130615234,30.616743087768555,28.989999771118164,178.47230529785156,8.970115661621094,24.518169403076172,74.58000183105469,376.0252685546875,62.21505355834961,42.19480895996094,8.627873420715332,195.3948211669922,107.493896484375,123.20769500732422,39.1678581237793,31.209999084472656
2019-10-01,29.852554321289062,44.255985260009766,28.28078842163086,33.93000030517578,196.6782989501953,12.252586364746094,20.744670867919922,79.27999877929688,335.9391174316406,64.71879577636719,44.667232513427734,8.090985298156738,201.19363403320312,114.09750366210938,125.36732482910156,42.27043914794922,29.920000076293945
2019-11-01,28.541664123535156,46.830989837646484,29.558996200561523,39.150001525878906,216.4798583984375,11.917438507080078,21.578874588012695,79.63999938964844,361.9022216796875,67.65482330322266,49.70753479003906,8.67373275756836,208.70843505859375,121.30899047851562,139.04824829101562,45.760929107666016,30.049999237060547
2019-12-01,28.574403762817383,46.40831756591797,28.37069320678711,45.86000061035156,223.81373596191406,12.814449310302734,24.784713745117188,84.73999786376953,323.83331298828125,72.46509552001953,45.68793487548828,8.9035005569458,218.02076721191406,128.3429718017578,150.5482177734375,47.27766418457031,30.260000228881836
2020-01-01,26.741178512573242,43.39775085449219,29.735380172729492,47.0,200.58473205566406,11.08942699432373,26.576499938964844,75.94000244140625,316.3875732421875,67.49440002441406,46.69943618774414,8.443964004516602,225.43576049804688,121.86138153076172,139.24441528320312,48.33197784423828,25.399999618530273
2020-02-01,18.9798583984375,38.63573455810547,23.41192626953125,45.47999954223633,185.4329376220703,10.290989875793457,24.321916580200195,67.05999755859375,273.48284912109375,57.94373321533203,47.5292854309082,6.776585578918457,190.3711395263672,107.58660125732422,123.27794647216797,41.91872024536133,24.229999542236328
2020-03-01,12.1899995803833,24.415964126586914,13.475632667541504,45.47999954223633,189.5542449951172,7.6788129806518555,4.0796799659729,51.869998931884766,149.13999938964844,38.45871353149414,43.71746063232422,4.702715873718262,147.47926330566406,83.42107391357422,74.67259979248047,31.65082359313965,18.780000686645508
2020-04-01,12.010000228881836,28.298725128173828,15.305999755859375,52.38999938964844,223.6727294921875,9.738982200622559,12.766077995300293,62.91999816894531,141.02000427246094,44.33892059326172,45.574363708496094,4.955864906311035,174.98316955566406,88.73045349121094,90.77297973632812,36.70564270019531,20.65999984741211
2020-05-01,10.5,24.68166732788086,16.46010971069336,53.79999923706055,214.7714385986328,10.428991317749023,10.562176704406738,69.08000183105469,145.85000610351562,43.74541473388672,50.37311935424805,5.559525966644287,187.4519805908203,91.1036376953125,88.33745574951172,41.50808334350586,22.079999923706055
2020-06-01,13.069999694824219,23.416507720947266,18.7158260345459,52.61000061035156,222.0238037109375,12.134297370910645,13.214957237243652,68.69000244140625,183.3000030517578,47.153350830078125,48.07044982910156,5.919775485992432,189.70849609375,88.0609130859375,85.57254791259766,45.35838317871094,22.170000076293945
2020-07-01,11.119999885559082,20.941516876220703,18.970651626586914,77.43000030517578,230.31698608398438,13.405887603759766,15.025895118713379,71.62000274658203,158.0,46.14753723144531,50.78355407714844,6.4358086585998535,190.034912109375,90.47636413574219,83.67603302001953,45.9030647277832,21.440000534057617
2020-08-01,13.050000190734863,20.576980590820312,21.789459228515625,90.81999969482422,238.4595489501953,12.02586841583252,14.514188766479492,78.55999755859375,171.82000732421875,47.64952087402344,47.19467544555664,6.640274524688721,196.66822814941406,94.71398162841797,102.72099304199219,49.419105529785156,21.530000686645508
2020-09-01,12.289999961853027,20.78142547607422,23.875076293945312,81.98999786376953,240.8529052734375,11.040141105651855,9.287118911743164,78.66000366210938,165.25999450683594,40.183311462402344,43.65229034423828,6.484490394592285,194.09242248535156,91.00823211669922,92.40996551513672,45.72165298461914,22.079999923706055
2020-10-01,11.279999732971191,24.69971466064453,25.408342361450195,75.29000091552734,205.58163452148438,11.680864334106445,8.139713287353516,77.88999938964844,144.38999938964844,38.6080436706543,43.0196533203125,7.5262932777404785,182.5706787109375,92.6814956665039,92.70941162109375,45.53253173828125,23.93000030517578
2020-11-01,14.130000114440918,29.150110244750977,28.440155029296875,92.66000366210938,210.4145965576172,14.529613494873047,12.67404556274414,91.6500015258789,210.7100067138672,51.96754837036133,51.28723907470703,8.840716361999512,222.68911743164062,112.4711685180664,126.6369857788086,58.902259826660156,27.040000915527344
2020-12-01,15.770000457763672,30.65581703186035,34.204917907714844,91.70999908447266,219.36209106445312,14.864761352539062,13.952264785766602,97.30000305175781,214.05999755859375,58.18628692626953,50.31955337524414,8.55836009979248,254.6853485107422,121.23949432373047,131.67770385742188,65.28499603271484,27.3799991607666
2021-01-01,17.170000076293945,34.80296325683594,36.29597091674805,85.63999938964844,230.34353637695312,15.3381929397583,14.040756225585938,97.62999725341797,194.19000244140625,54.723045349121094,50.94211959838867,10.2525053024292,263.3175048828125,122.76606750488281,116.09637451171875,63.875083923339844,23.889999389648438
2021-02-01,20.940000534057617,43.0485954284668,40.00373840332031,84.51000213623047,214.59169006347656,23.610143661499023,19.427249908447266,100.26000213623047,212.00999450683594,62.69847869873047,48.8467903137207,11.391674041748047,310.2286071777344,141.428466796875,147.7980499267578,73.60660552978516,25.18000030517578
2021-03-01,23.899999618530273,41.15998077392578,43.57997512817383,78.5,239.14974975585938,23.47191619873047,17.625329971313477,110.81999969482422,254.72000122070312,69.2367172241211,57.59787368774414,11.927179336547852,317.5307922363281,146.2910614013672,147.8379669189453,74.36309051513672,27.100000381469727
2021-04-01,21.719999313354492,49.74958419799805,49.594993591308594,81.62000274658203,230.33578491210938,20.01696014404297,19.69310760498047,114.06999969482422,234.30999755859375,67.79963684082031,57.65908432006836,11.235889434814453,339.6887512207031,147.8094024658203,148.24722290039062,79.04548645019531,28.850000381469727
2021-05-01,24.239999771118164,46.599266052246094,52.9362678527832,80.08000183105469,228.7017822265625,20.888126373291016,20.5109920501709,120.33000183105469,247.02000427246094,75.42986297607422,53.57880783081055,14.147093772888184,362.6661071777344,158.76211547851562,143.31629943847656,87.4588851928711,29.510000228881836
2021-06-01,21.209999084472656,46.670692443847656,48.22415542602539,93.93000030517578,235.93353271484375,23.43231773376465,21.3294620513916,113.83000183105469,239.55999755859375,67.80158996582031,54.55348587036133,14.468399047851562,371.23681640625,150.35226440429688,136.26925659179688,88.17048645019531,30.270000457763672
2021-07-01,20.3799991607666,46.99506759643555,49.69487762451172,106.19000244140625,233.7943878173828,24.438213348388672,18.489479064941406,118.56999969482422,226.47999572753906,64.80203247070312,57.231300354003906,13.582380294799805,366.6884460449219,146.71766662597656,145.71188354492188,92.29580688476562,28.290000915527344
2021-08-01,19.940000534057617,49.010128021240234,51.43131637573242,110.72000122070312,218.29779052734375,27.245038986206055,19.23672103881836,121.22000122070312,219.5,69.42784118652344,50.59061813354492,12.686624526977539,404.4743347167969,155.5061798095703,134.8917999267578,101.15853118896484,29.059999465942383
2021-09-01,20.520000457763672,46.21436309814453,49.63267517089844,102.9000015258789,207.42025756835938,24.745677947998047,21.162370681762695,112.29000091552734,219.94000244140625,67.7575454711914,47.670257568359375,13.786845207214355,371.56634521484375,159.14227294921875,147.81800842285156,94.2615737915039,28.899999618530273
2021-10-01,19.200000762939453,54.87276840209961,46.41457748413086,120.2300033569336,201.8799591064453,21.771337509155273,25.882673263549805,115.75,207.02999877929688,66.77275848388672,46.522735595703125,16.62989616394043,406.2824401855469,165.17001342773438,159.72610473632812,99.56022644042969,33.58000183105469
2021-11-01,17.690000534057617,48.34687805175781,44.791236877441406,158.3699951171875,193.98890686035156,21.413780212402344,25.506710052490234,121.6500015258789,197.85000610351562,61.94694519042969,44.98527526855469,18.68429183959961,374.4757080078125,155.34779357910156,147.2889862060547,92.48509216308594,31.979999542236328
2021-12-01,17.959999084472656,49.7648811340332,46.530887603759766,143.89999389648438,221.27960205078125,24.62187385559082,26.615264892578125,134.27000427246094,201.32000732421875,58.7280387878418,50.10365676879883,20.324480056762695,376.0090637207031,154.87832641601562,164.9365234375,95.74285125732422,32.130001068115234
2022-01-01,16.469999313354492,52.82809829711914,46.63839340209961,114.25,223.4140167236328,21.918746948242188,32.870697021484375,124.0,200.24000549316406,63.3278694152832,50.65827178955078,19.864561080932617,350.455322265625,145.3420867919922,160.82406616210938,100.01499938964844,36.88999938964844
2022-02-01,17.25,61.432857513427734,49.083824157714844,123.33999633789062,222.7648468017578,22.565759658813477,35.40264129638672,121.87999725341797,205.33999633789062,57.59996032714844,53.05513381958008,17.27168083190918,337.2248229980469,139.5225067138672,169.8275146484375,89.12232208251953,34.540000915527344
2022-03-01,18.25,63.10820770263672,42.768829345703125,109.33999633789062,239.89260864257812,21.666423797607422,41.06626510620117,118.62999725341797,191.5,52.33943176269531,55.69757843017578,16.632352828979492,326.1681213378906,134.13050842285156,175.4272003173828,85.84187316894531,37.65999984741211
2022-04-01,18.770000457763672,54.90126419067383,39.306400299072266,85.5199966430664,231.33139038085938,18.763601303100586,40.668819427490234,117.86000061035156,148.83999633789062,47.25251007080078,57.51371765136719,13.927506446838379,303.6305236816406,117.44290924072266,177.19395446777344,79.15327453613281,34.619998931884766
2022-05-01,17.8700008392334,58.58457565307617,43.63472366333008,101.86000061035156,254.69366455078125,20.38958168029785,46.842105865478516,120.6500015258789,131.39999389648438,52.88847732543945,55.79970169067383,13.54491138458252,324.86053466796875,131.07058715820312,171.26486206054688,85.33090209960938,35.97999954223633
2022-06-01,12.680000305175781,55.790000915527344,33.201622009277344,76.47000122070312,243.3000030517578,16.90818977355957,34.77535629272461,112.08999633789062,136.72000122070312,45.540931701660156,51.78711700439453,11.020092010498047,297.0199890136719,111.62262725830078,136.00999450683594,75.3455810546875,28.280000686645508
2022-07-01,13.710000038146973,58.38999938964844,32.76567459106445,94.47000122070312,247.47000122070312,20.170000076293945,37.03724670410156,128.1699981689453,159.30999755859375,51.39322280883789,59.560001373291016,14.544937133789062,333.3900146484375,114.34851837158203,158.82000732421875,83.50819396972656,27.649999618530273
